diff_h_l_0;diff_o_c_0;diff_h_o_0;diff_c_l_0;vol_total_0;vol_buy_0;vol_sell_0;vol_other_0;nb_tick_total_0;nb_tick_buy_0;nb_tick_sell_0;nb_tick_other_0;nb_price_changed_0;nb_tick_buy_vol_eq_1;nb_tick_sell_vol_eq_1;nb_tick_other_vol_eq_1;nb_tick_buy_vol_2_5;nb_tick_sell_vol_2_5;nb_tick_other_vol_2_5diff_open_low_m1;nb_tick_other_vol_2_5;diff_open_low_m1
3.75;2.25;1.0;0.5;4701.0;1471.0;2495.0;751.0;2857.0;881.0;1531.0;456.0;302.0;531.0;1016.0;266.0;324.0;481.0;;184.0;4.75
5.5;3.5;0.5;1.5;7172.0;2281.0;3981.0;952.0;4308.0;1370.0;2359.0;610.0;455.0;831.0;1529.0;390.0;502.0;764.0;;209.0;1.25
6.5;5.0;0.75;0.75;5355.0;1494.0;3047.0;845.0;3264.0;908.0;1873.0;496.0;297.0;551.0;1271.0;305.0;345.0;561.0;;181.0;1.0
4.25;3.5;0.75;0.0;3860.0;1074.0;1939.0;864.0;2405.0;700.0;1201.0;513.0;251.0;473.0;843.0;337.0;218.0;334.0;;164.0;0.75
2.25;0.5;1.25;0.5;2556.0;769.0;1203.0;600.0;1611.0;487.0;748.0;388.0;164.0;296.0;476.0;243.0;188.0;263.0;;145.0;1.25
6.5;5.75;0.5;0.25;8053.0;2378.0;4923.0;781.0;4796.0;1262.0;3038.0;518.0;499.0;675.0;2046.0;349.0;557.0;937.0;;166.0;0.5
3.0;2.75;0.25;0.0;4236.0;1385.0;2293.0;588.0;2552.0;827.0;1399.0;346.0;294.0;511.0;960.0;214.0;307.0;418.0;;129.0;1.25
4.25;3.0;0.25;1.0;4901.0;1509.0;2872.0;551.0;2746.0;829.0;1645.0;289.0;271.0;456.0;1043.0;151.0;345.0;552.0;;122.0;0.0
2.25;1.25;0.75;0.25;2636.0;714.0;1535.0;406.0;1526.0;412.0;915.0;213.0;129.0;251.0;606.0;117.0;148.0;286.0;;87.0;1.5
1.75;0.75;0.25;0.75;3192.0;1144.0;1628.0;437.0;1857.0;657.0;966.0;241.0;222.0;377.0;613.0;129.0;257.0;328.0;;101.0;1.0
2.75;1.75;0.75;0.25;3610.0;1180.0;1924.0;527.0;2133.0;655.0;1140.0;351.0;221.0;369.0;732.0;224.0;268.0;374.0;;121.0;1.0
1.25;0.5;0.25;0.5;2499.0;901.0;1203.0;417.0;1533.0;525.0;760.0;260.0;162.0;320.0;516.0;150.0;188.0;231.0;;107.0;0.5
4.0;1.0;1.25;1.75;4972.0;1812.0;2540.0;638.0;3005.0;1074.0;1594.0;349.0;366.0;692.0;1096.0;204.0;346.0;464.0;;127.0;1.75
1.5;0.5;0.75;0.25;2131.0;766.0;1099.0;283.0;1352.0;487.0;688.0;186.0;160.0;327.0;440.0;111.0;150.0;237.0;;75.0;0.5
1.25;0.25;0.75;0.25;2240.0;835.0;971.0;448.0;1364.0;470.0;627.0;274.0;147.0;287.0;422.0;178.0;163.0;195.0;;89.0;2.0
3.0;1.25;1.25;0.5;3128.0;965.0;1721.0;470.0;1838.0;584.0;1002.0;268.0;206.0;379.0;630.0;156.0;189.0;349.0;;107.0;0.5
1.5;1.25;0.0;0.25;2717.0;859.0;1448.0;429.0;1665.0;489.0;894.0;294.0;194.0;274.0;606.0;198.0;203.0;271.0;;96.0;1.75
2.0;0.75;1.25;0.0;2220.0;761.0;992.0;483.0;1397.0;499.0;613.0;296.0;159.0;350.0;396.0;192.0;141.0;207.0;;98.0;0.5
1.75;0.25;1.25;0.25;2142.0;753.0;862.0;539.0;1337.0;452.0;557.0;333.0;131.0;284.0;399.0;204.0;159.0;144.0;;123.0;1.5
2.75;1.25;0.25;1.25;3441.0;1021.0;1907.0;527.0;1988.0;577.0;1110.0;310.0;211.0;356.0;759.0;217.0;199.0;314.0;;80.0;4.75
4.75;4.5;0.25;0.0;4639.0;1405.0;2414.0;829.0;2661.0;823.0;1431.0;415.0;312.0;509.0;964.0;224.0;284.0;433.0;;170.0;0.25
4.75;4.25;0.25;0.25;4830.0;1497.0;2475.0;890.0;2696.0;847.0;1369.0;499.0;274.0;493.0;843.0;303.0;326.0;475.0;;178.0;0.75
3.0;2.25;0.25;0.5;3440.0;1177.0;1554.0;741.0;1991.0;656.0;883.0;465.0;185.0;359.0;555.0;283.0;279.0;296.0;;177.0;1.0
4.5;2.75;1.25;0.5;5692.0;1825.0;2864.0;1021.0;3388.0;1042.0;1759.0;598.0;366.0;634.0;1187.0;382.0;379.0;535.0;;200.0;1.75
3.25;1.5;1.25;0.5;6013.0;2391.0;2512.0;1180.0;3364.0;1292.0;1444.0;642.0;286.0;802.0;916.0;364.0;469.0;503.0;;268.0;0.5
4.25;3.5;0.5;0.25;4027.0;1153.0;2345.0;547.0;2447.0;679.0;1484.0;291.0;262.0;419.0;1054.0;176.0;247.0;401.0;;105.0;0.0
2.0;1.0;0.0;1.0;4072.0;1643.0;1931.0;509.0;2345.0;886.0;1199.0;266.0;247.0;553.0;811.0;153.0;303.0;369.0;;106.0;1.5
3.75;2.25;0.0;1.5;2869.0;625.0;1817.0;441.0;1711.0;371.0;1100.0;249.0;169.0;227.0;762.0;129.0;139.0;309.0;;118.0;1.5
2.25;2.25;0.0;0.0;2254.0;704.0;987.0;575.0;1315.0;419.0;590.0;310.0;153.0;271.0;381.0;178.0;144.0;204.0;;129.0;0.25
2.25;1.75;0.0;0.5;2690.0;909.0;1308.0;487.0;1560.0;495.0;799.0;277.0;137.0;275.0;523.0;165.0;214.0;264.0;;109.0;0.75
1.75;1.5;0.25;0.0;2855.0;1074.0;1430.0;369.0;1644.0;599.0;841.0;214.0;181.0;350.0;546.0;114.0;229.0;272.0;;98.0;1.25
2.0;1.25;0.75;0.0;2516.0;729.0;1355.0;444.0;1393.0;411.0;724.0;262.0;147.0;250.0;463.0;165.0;148.0;232.0;;91.0;0.75
1.25;0.5;0.5;0.25;2191.0;803.0;1012.0;383.0;1181.0;444.0;540.0;201.0;138.0;276.0;325.0;114.0;152.0;196.0;;79.0;1.75
2.25;1.5;0.5;0.25;2139.0;769.0;1050.0;326.0;1175.0;422.0;583.0;174.0;128.0;239.0;379.0;97.0;170.0;180.0;;72.0;0.25
4.25;3.0;0.0;1.25;4108.0;1051.0;2655.0;426.0;2038.0;517.0;1313.0;223.0;197.0;274.0;847.0;139.0;217.0;394.0;;73.0;0.25
7.0;7.0;0.0;0.0;4435.0;1199.0;2220.0;1098.0;2737.0;697.0;1352.0;700.0;275.0;471.0;894.0;494.0;221.0;434.0;;203.0;3.75
5.75;0.25;2.0;3.5;10620.0;3904.0;5073.0;1725.0;6708.0;2395.0;3253.0;1106.0;785.0;1485.0;2175.0;728.0;866.0;1036.0;;364.0;0.25
5.25;2.25;0.75;2.25;5988.0;1966.0;3123.0;942.0;4093.0;1341.0;2082.0;702.0;481.0;916.0;1459.0;540.0;415.0;596.0;;157.0;4.0
6.5;5.5;0.5;0.5;7662.0;2446.0;3593.0;1647.0;4956.0;1562.0;2317.0;1099.0;585.0;1005.0;1581.0;733.0;536.0;702.0;;358.0;0.25
3.25;1.25;1.5;0.5;4281.0;1338.0;1950.0;1021.0;2888.0;849.0;1345.0;712.0;304.0;545.0;938.0;513.0;299.0;400.0;;198.0;2.0
4.25;4.0;0.0;0.25;5999.0;1688.0;3344.0;990.0;3265.0;877.0;1888.0;513.0;413.0;454.0;1241.0;287.0;402.0;590.0;;212.0;1.5
2.75;1.25;1.25;0.25;3282.0;1063.0;1343.0;889.0;1808.0;599.0;769.0;446.0;297.0;372.0;481.0;237.0;216.0;281.0;;202.0;0.5
2.0;1.5;0.0;0.5;2968.0;945.0;1434.0;621.0;1671.0;545.0;836.0;299.0;225.0;338.0;542.0;157.0;198.0;277.0;;126.0;2.25
5.75;5.25;0.25;0.25;4626.0;1245.0;2570.0;858.0;2609.0;632.0;1524.0;470.0;300.0;305.0;979.0;248.0;316.0;514.0;;216.0;0.5
2.25;0.5;1.75;0.0;1962.0;628.0;741.0;613.0;1098.0;364.0;411.0;334.0;129.0;212.0;230.0;180.0;146.0;173.0;;147.0;0.25
3.25;1.0;1.25;1.0;4821.0;1627.0;1938.0;1299.0;2862.0;949.0;1172.0;763.0;310.0;500.0;663.0;385.0;435.0;493.0;;372.0;2.25
2.25;1.5;0.0;0.75;5121.0;1737.0;2154.0;1275.0;3015.0;1061.0;1281.0;694.0;318.0;606.0;695.0;340.0;437.0;566.0;;334.0;1.25
8.0;6.25;1.25;0.5;13085.0;4191.0;7349.0;1622.0;6691.0;2139.0;3824.0;768.0;687.0;1170.0;2317.0;357.0;881.0;1330.0;;374.0;1.75
11.25;9.25;0.5;1.5;15639.0;4892.0;8783.0;2029.0;8233.0;2543.0;4733.0;988.0;885.0;1447.0;2978.0;514.0;975.0;1520.0;;421.0;3.5
5.5;5.25;0.0;0.25;7609.0;2415.0;3885.0;1401.0;4086.0;1266.0;2140.0;711.0;488.0;688.0;1347.0;390.0;533.0;712.0;;295.0;3.0
3.25;1.0;0.5;1.75;7525.0;2880.0;3369.0;1332.0;4032.0;1490.0;1882.0;693.0;420.0;892.0;1135.0;350.0;531.0;689.0;;322.0;0.25
6.75;5.0;0.5;1.25;8272.0;2950.0;4078.0;1292.0;4340.0;1379.0;2312.0;668.0;473.0;809.0;1480.0;372.0;485.0;752.0;;273.0;2.0
6.75;5.0;0.25;1.5;9447.0;3084.0;4761.0;1676.0;4960.0;1614.0;2623.0;756.0;533.0;926.0;1639.0;384.0;610.0;893.0;;312.0;2.25
5.0;1.75;0.5;2.75;8367.0;2846.0;4020.0;1522.0;4329.0;1439.0;2227.0;676.0;499.0;795.0;1405.0;294.0;576.0;743.0;;338.0;2.5
6.0;3.75;0.0;2.25;6399.0;1932.0;3334.0;1171.0;3901.0;1162.0;2105.0;659.0;463.0;717.0;1422.0;377.0;438.0;649.0;;269.0;2.5
2.5;1.75;0.0;0.75;4091.0;1325.0;1960.0;824.0;2490.0;775.0;1234.0;491.0;277.0;457.0;838.0;279.0;313.0;381.0;;208.0;0.25
5.0;3.75;0.0;1.25;7325.0;2387.0;3939.0;1072.0;3973.0;1235.0;2266.0;510.0;410.0;678.0;1472.0;265.0;523.0;736.0;;223.0;0.25
4.75;3.75;0.0;1.0;6906.0;2255.0;3741.0;949.0;3815.0;1196.0;2146.0;492.0;393.0;649.0;1374.0;259.0;518.0;711.0;;217.0;3.25
3.75;2.75;0.25;0.75;6107.0;2071.0;3465.0;636.0;3354.0;1162.0;1884.0;333.0;421.0;719.0;1167.0;204.0;408.0;649.0;;114.0;0.0
5.0;4.75;0.25;0.0;6482.0;1954.0;3610.0;966.0;3856.0;1067.0;2289.0;524.0;446.0;579.0;1527.0;291.0;471.0;736.0;;225.0;2.75
3.25;1.5;0.5;1.25;6376.0;2473.0;3058.0;908.0;3490.0;1338.0;1719.0;459.0;492.0;764.0;1108.0;248.0;540.0;574.0;;195.0;1.0
11.75;10.25;0.5;1.0;11021.0;3568.0;5807.0;1727.0;6744.0;1957.0;3804.0;1037.0;739.0;1175.0;2679.0;714.0;755.0;1085.0;;315.0;1.0
7.5;5.5;1.5;0.5;8835.0;3018.0;4361.0;1522.0;5214.0;1754.0;2614.0;891.0;612.0;1155.0;1755.0;591.0;567.0;806.0;;286.0;3.0
3.75;1.5;1.0;1.25;8562.0;3322.0;3608.0;1700.0;4881.0;1917.0;2087.0;912.0;572.0;1185.0;1224.0;492.0;690.0;821.0;;384.0;1.25
7.25;5.25;0.5;1.5;11813.0;3973.0;5972.0;1970.0;6146.0;1957.0;3198.0;1045.0;682.0;1022.0;1892.0;566.0;819.0;1168.0;;430.0;1.75
4.75;4.25;0.25;0.25;7654.0;2257.0;4157.0;1282.0;4034.0;1244.0;2146.0;670.0;430.0;713.0;1317.0;377.0;480.0;725.0;;266.0;2.5
2.75;1.25;0.5;1.0;6332.0;2466.0;2991.0;906.0;3204.0;1221.0;1528.0;471.0;310.0;673.0;890.0;246.0;482.0;561.0;;201.0;3.25
4.0;2.75;1.0;0.25;8237.0;3053.0;3898.0;1333.0;4117.0;1468.0;2088.0;585.0;447.0;814.0;1247.0;271.0;571.0;768.0;;281.0;1.25
3.25;2.75;0.5;0.0;6818.0;2319.0;3443.0;1106.0;3369.0;1041.0;1836.0;506.0;380.0;516.0;1100.0;237.0;453.0;662.0;;230.0;0.5
2.25;1.25;1.0;0.0;3220.0;1179.0;1436.0;629.0;1429.0;466.0;679.0;290.0;175.0;250.0;410.0;157.0;183.0;228.0;;111.0;0.75
7.25;5.5;0.75;1.0;10485.0;3127.0;5254.0;2166.0;5250.0;1539.0;2713.0;1027.0;563.0;786.0;1564.0;528.0;673.0;1020.0;;430.0;0.5
7.0;4.5;2.0;0.5;9490.0;2856.0;4391.0;2316.0;4728.0;1403.0;2272.0;1081.0;467.0;731.0;1354.0;537.0;588.0;797.0;;474.0;0.5
3.0;2.75;0.25;0.0;3999.0;1124.0;1621.0;1289.0;1714.0;481.0;737.0;504.0;196.0;226.0;423.0;205.0;199.0;238.0;;220.0;5.5
6.5;5.0;1.0;0.5;7618.0;2132.0;4291.0;1272.0;3590.0;936.0;2121.0;557.0;436.0;441.0;1298.0;275.0;409.0;666.0;;225.0;2.25
4.0;2.0;1.5;0.5;7813.0;2761.0;3232.0;1860.0;3283.0;1154.0;1410.0;734.0;406.0;552.0;741.0;301.0;471.0;524.0;;347.0;0.5
4.0;1.0;1.5;1.5;3810.0;1029.0;2083.0;737.0;2006.0;530.0;1187.0;309.0;207.0;307.0;755.0;130.0;201.0;395.0;;153.0;2.0
5.25;4.75;0.0;0.5;5533.0;1433.0;3118.0;1022.0;2967.0;717.0;1758.0;504.0;386.0;374.0;1116.0;282.0;314.0;589.0;;201.0;0.5
1.75;0.25;1.0;0.5;3338.0;1129.0;1464.0;790.0;1657.0;594.0;732.0;348.0;220.0;300.0;337.0;150.0;288.0;381.0;;187.0;0.25
22.0;21.25;0.0;0.75;15953.0;4841.0;6648.0;4573.0;10261.0;2953.0;4392.0;2987.0;1488.0;1661.0;2912.0;1925.0;1273.0;1428.0;;1033.0;14.0
14.75;11.75;0.75;2.25;10876.0;3582.0;4181.0;3187.0;7274.0;2340.0;2799.0;2196.0;1196.0;1555.0;1910.0;1516.0;774.0;868.0;;666.0;3.25
8.75;5.25;2.75;0.75;4323.0;1225.0;1664.0;1476.0;3410.0;953.0;1339.0;1159.0;568.0;756.0;1101.0;934.0;194.0;236.0;;218.0;5.25
6.5;3.25;1.0;2.25;4549.0;1395.0;1798.0;1403.0;3458.0;1074.0;1377.0;1051.0;560.0;847.0;1083.0;807.0;223.0;288.0;;237.0;0.75
4.5;3.25;1.0;0.25;1383.0;477.0;478.0;444.0;956.0;286.0;361.0;320.0;164.0;187.0;265.0;226.0;98.0;96.0;;94.0;0.75
3.5;0.5;3.0;0.0;972.0;286.0;330.0;357.0;647.0;197.0;204.0;247.0;102.0;135.0;125.0;171.0;60.0;75.0;;74.0;5.5
6.0;4.25;0.5;1.25;2835.0;651.0;1440.0;794.0;1604.0;415.0;874.0;335.0;305.0;262.0;611.0;201.0;150.0;251.0;;127.0;3.25
3.75;2.5;0.0;1.25;1605.0;560.0;680.0;397.0;1119.0;397.0;458.0;274.0;256.0;275.0;336.0;184.0;119.0;116.0;;88.0;0.0
38.25;12.75;23.0;2.5;12625.0;4578.0;4047.0;4113.0;8659.0;3108.0;2895.0;2738.0;1923.0;2186.0;2045.0;1964.0;911.0;834.0;;761.0;0.75
2.75;2.0;0.5;0.25;2860.0;971.0;1342.0;547.0;1356.0;497.0;625.0;234.0;148.0;305.0;391.0;102.0;161.0;197.0;;113.0;1.0
1.5;0.75;0.5;0.25;1713.0;516.0;936.0;271.0;913.0;270.0;513.0;136.0;94.0;166.0;326.0;79.0;90.0;158.0;;48.0;0.5
2.5;1.5;0.75;0.25;2706.0;721.0;1496.0;491.0;1346.0;331.0;800.0;217.0;140.0;172.0;514.0;91.0;128.0;241.0;;107.0;1.5
21.75;21.5;0.0;0.25;22488.0;6926.0;9568.0;6244.0;19894.0;6093.0;8430.0;5618.0;3438.0;5796.0;7942.0;5362.0;277.0;462.0;;245.0;0.25
13.0;6.75;1.5;4.75;14546.0;4688.0;5782.0;4220.0;12564.0;3893.0;5034.0;3765.0;2163.0;3694.0;4763.0;3602.0;168.0;252.0;;126.0;4.0
6.5;5.75;0.0;0.75;8160.0;2989.0;3644.0;1583.0;6661.0;2300.0;3089.0;1314.0;821.0;1899.0;2722.0;1118.0;379.0;354.0;;188.0;1.5
5.5;5.0;0.0;0.5;5033.0;1580.0;2321.0;1177.0;4227.0;1312.0;1935.0;1019.0;489.0;1116.0;1678.0;890.0;194.0;250.0;;129.0;1.25
3.75;1.25;2.5;0.0;5999.0;2323.0;2313.0;1399.0;4462.0;1744.0;1700.0;1048.0;416.0;1307.0;1247.0;803.0;426.0;441.0;;237.0;6.0
7.5;5.25;1.75;0.5;7753.0;2620.0;3727.0;1457.0;5673.0;1862.0;2798.0;1052.0;622.0;1313.0;2158.0;738.0;540.0;620.0;;309.0;6.5
7.75;3.0;1.25;3.5;9063.0;3568.0;3644.0;1925.0;6345.0;2362.0;2613.0;1422.0;741.0;1571.0;1874.0;999.0;775.0;712.0;;419.0;5.5
6.75;5.5;1.25;0.0;6315.0;2223.0;2772.0;1367.0;4771.0;1686.0;2048.0;1072.0;570.0;1220.0;1508.0;801.0;461.0;526.0;;270.0;4.75
4.75;3.75;0.0;1.0;9444.0;3374.0;4087.0;2061.0;6894.0;2526.0;2965.0;1457.0;839.0;1791.0;2061.0;969.0;728.0;891.0;;480.0;0.75
5.5;1.75;3.0;0.75;4902.0;1578.0;2112.0;1259.0;3984.0;1322.0;1704.0;1000.0;498.0;1109.0;1410.0;805.0;212.0;288.0;;192.0;0.25
7.5;5.25;0.0;2.25;7397.0;2349.0;3150.0;1975.0;5922.0;1886.0;2428.0;1677.0;750.0;1499.0;2024.0;1403.0;383.0;397.0;;273.0;3.25
5.75;5.25;0.0;0.5;6437.0;2204.0;3020.0;1255.0;4955.0;1735.0;2266.0;992.0;576.0;1402.0;1797.0;789.0;324.0;447.0;;197.0;1.0
3.25;0.75;2.0;0.5;4278.0;1548.0;1710.0;1068.0;3218.0;1168.0;1249.0;838.0;317.0;874.0;897.0;631.0;291.0;344.0;;207.0;2.0
6.0;2.75;0.5;2.75;10301.0;3592.0;4907.0;1899.0;6624.0;2422.0;3057.0;1204.0;728.0;1503.0;1837.0;719.0;908.0;1195.0;;476.0;2.0
3.75;0.75;0.0;3.0;8246.0;3009.0;3604.0;1682.0;4696.0;1695.0;2128.0;896.0;453.0;1035.0;1412.0;505.0;597.0;660.0;;352.0;1.5
5.5;4.5;0.5;0.5;6559.0;1845.0;3339.0;1457.0;3537.0;914.0;1916.0;741.0;328.0;464.0;1259.0;410.0;404.0;585.0;;297.0;2.0
10.5;7.75;0.0;2.75;13337.0;4106.0;6820.0;2508.0;6920.0;2107.0;3591.0;1263.0;671.0;1164.0;2228.0;725.0;847.0;1196.0;;461.0;4.5
6.5;4.0;0.5;2.0;9093.0;3122.0;4068.0;1974.0;4917.0;1653.0;2238.0;1059.0;486.0;951.0;1367.0;603.0;624.0;783.0;;409.0;1.75
10.25;7.75;0.25;2.25;12516.0;4076.0;6115.0;2389.0;6732.0;2044.0;3480.0;1238.0;749.0;1064.0;2223.0;689.0;873.0;1150.0;;483.0;1.0
5.25;4.5;0.5;0.25;7340.0;1942.0;3769.0;1670.0;3871.0;1005.0;2093.0;793.0;376.0;556.0;1320.0;407.0;404.0;687.0;;346.0;1.25
4.25;2.75;0.75;0.75;6306.0;1831.0;3078.0;1429.0;3463.0;967.0;1733.0;778.0;364.0;553.0;1098.0;429.0;369.0;572.0;;321.0;1.75
4.75;2.75;0.5;1.5;6849.0;2040.0;3270.0;1574.0;3382.0;1020.0;1726.0;651.0;384.0;555.0;1054.0;266.0;416.0;587.0;;325.0;1.75
1.75;1.25;0.5;0.0;3896.0;1047.0;1446.0;1449.0;1827.0;522.0;695.0;626.0;187.0;299.0;359.0;289.0;199.0;294.0;;273.0;4.5
4.75;3.75;0.25;0.75;8523.0;2772.0;4280.0;1557.0;4736.0;1467.0;2494.0;818.0;527.0;815.0;1652.0;475.0;602.0;760.0;;312.0;4.0
4.75;4.0;0.5;0.25;8104.0;2813.0;3788.0;1525.0;3898.0;1264.0;1947.0;700.0;446.0;634.0;1151.0;334.0;530.0;706.0;;318.0;2.75
4.0;1.5;1.25;1.25;6645.0;2358.0;2857.0;1461.0;3577.0;1286.0;1528.0;781.0;424.0;790.0;892.0;445.0;439.0;572.0;;296.0;5.0
5.25;4.0;0.25;1.0;7730.0;2688.0;3529.0;1568.0;3899.0;1352.0;1838.0;734.0;473.0;749.0;1078.0;399.0;533.0;667.0;;288.0;0.0
6.75;4.75;0.25;1.75;8784.0;2555.0;4273.0;1991.0;4647.0;1336.0;2353.0;978.0;455.0;695.0;1466.0;471.0;577.0;798.0;;453.0;6.0
6.5;6.0;0.5;0.0;9491.0;3240.0;4496.0;1861.0;4973.0;1607.0;2437.0;980.0;565.0;827.0;1454.0;499.0;710.0;903.0;;431.0;0.25
5.25;4.5;0.25;0.5;5779.0;1684.0;2840.0;1294.0;3110.0;903.0;1588.0;640.0;387.0;458.0;971.0;309.0;430.0;584.0;;318.0;4.75
5.0;3.5;0.25;1.25;6509.0;2067.0;3360.0;1113.0;3416.0;1102.0;1799.0;528.0;399.0;569.0;1026.0;228.0;508.0;729.0;;282.0;2.5
2.75;2.0;0.25;0.5;5323.0;1906.0;2256.0;1206.0;2638.0;987.0;1128.0;541.0;328.0;532.0;576.0;258.0;431.0;521.0;;261.0;5.0
6.5;3.75;1.75;1.0;10000.0;3406.0;4680.0;1962.0;4718.0;1567.0;2259.0;915.0;502.0;727.0;1248.0;418.0;785.0;929.0;;479.0;1.0
5.0;3.5;1.0;0.5;5001.0;1529.0;2249.0;1245.0;2659.0;831.0;1206.0;633.0;331.0;426.0;689.0;299.0;392.0;487.0;;324.0;0.5
7.0;5.75;0.5;0.75;7743.0;2508.0;3722.0;1535.0;4060.0;1270.0;2085.0;716.0;532.0;619.0;1216.0;338.0;624.0;842.0;;352.0;0.75
3.0;1.75;0.75;0.5;5020.0;1665.0;2368.0;1012.0;3016.0;968.0;1457.0;608.0;300.0;610.0;932.0;381.0;335.0;503.0;;214.0;1.0
5.5;3.25;0.0;2.25;10219.0;3224.0;5687.0;1387.0;5680.0;1810.0;3142.0;781.0;653.0;1020.0;2042.0;430.0;745.0;1012.0;;339.0;0.25
5.5;4.75;0.0;0.75;7893.0;2478.0;4533.0;905.0;4618.0;1338.0;2768.0;526.0;508.0;686.0;1769.0;282.0;635.0;968.0;;242.0;3.5
3.5;2.5;0.0;1.0;6309.0;2247.0;3168.0;947.0;3702.0;1302.0;1837.0;597.0;434.0;751.0;1169.0;367.0;533.0;641.0;;225.0;1.5
2.25;1.25;0.5;0.5;4449.0;1645.0;2050.0;783.0;2586.0;972.0;1166.0;464.0;258.0;586.0;721.0;253.0;373.0;428.0;;205.0;0.75
3.75;2.75;1.0;0.0;3668.0;1094.0;2039.0;570.0;2092.0;679.0;1090.0;342.0;203.0;390.0;669.0;215.0;287.0;400.0;;119.0;2.75
2.75;1.25;0.0;1.5;5174.0;1811.0;2628.0;751.0;3273.0;1124.0;1677.0;486.0;392.0;718.0;1138.0;320.0;397.0;522.0;;162.0;1.5
2.25;1.75;0.5;0.0;3080.0;907.0;1549.0;636.0;1742.0;576.0;806.0;366.0;207.0;366.0;501.0;234.0;206.0;278.0;;123.0;1.5
2.5;1.25;1.0;0.25;3959.0;1322.0;1985.0;661.0;2393.0;856.0;1140.0;405.0;271.0;557.0;734.0;250.0;295.0;389.0;;153.0;0.0
2.5;1.25;0.75;0.5;2550.0;811.0;1352.0;393.0;1694.0;548.0;903.0;247.0;162.0;373.0;638.0;164.0;173.0;256.0;;80.0;2.0
3.5;3.5;0.0;0.0;3821.0;1197.0;2088.0;574.0;2554.0;842.0;1359.0;384.0;294.0;588.0;914.0;270.0;250.0;434.0;;111.0;2.25
2.75;1.0;0.5;1.25;5024.0;1868.0;2529.0;672.0;3193.0;1177.0;1654.0;398.0;316.0;755.0;1140.0;238.0;408.0;497.0;;155.0;0.75
5.75;4.75;0.0;1.0;12164.0;4075.0;6456.0;1739.0;6313.0;1933.0;3614.0;805.0;738.0;1015.0;2310.0;412.0;787.0;1161.0;;329.0;0.25
3.5;3.0;0.0;0.5;8474.0;2867.0;4220.0;1447.0;4526.0;1537.0;2251.0;761.0;556.0;913.0;1369.0;421.0;565.0;775.0;;307.0;4.0
5.25;3.0;1.25;1.0;10934.0;3978.0;5424.0;1599.0;5419.0;1948.0;2775.0;725.0;559.0;1122.0;1697.0;379.0;701.0;944.0;;292.0;0.0
6.5;5.25;0.25;1.0;7106.0;1858.0;4339.0;946.0;4191.0;1034.0;2633.0;549.0;447.0;608.0;1785.0;318.0;392.0;791.0;;215.0;0.75
8.0;6.25;1.0;0.75;12195.0;3781.0;7083.0;1388.0;6230.0;1990.0;3528.0;741.0;799.0;1103.0;2192.0;418.0;811.0;1152.0;;298.0;2.5
3.0;2.0;0.75;0.25;7244.0;2918.0;3248.0;1115.0;3829.0;1527.0;1692.0;631.0;484.0;875.0;977.0;358.0;588.0;658.0;;253.0;2.75
3.75;2.5;1.0;0.25;6137.0;2121.0;2903.0;1157.0;3253.0;1100.0;1601.0;573.0;407.0;586.0;968.0;292.0;474.0;589.0;;257.0;1.25
1.75;1.0;0.5;0.25;7808.0;3396.0;3203.0;1243.0;3645.0;1482.0;1591.0;591.0;400.0;739.0;884.0;325.0;650.0;630.0;;231.0;7.25
7.75;6.5;0.5;0.75;10199.0;3462.0;5248.0;1529.0;5037.0;1614.0;2697.0;746.0;621.0;863.0;1674.0;365.0;635.0;883.0;;341.0;7.0
7.0;3.25;0.0;3.75;15267.0;5624.0;7543.0;2171.0;7383.0;2854.0;3546.0;1021.0;837.0;1600.0;1970.0;537.0;1109.0;1355.0;;432.0;1.75
10.25;8.0;1.75;0.5;11989.0;4089.0;5901.0;2042.0;6509.0;2126.0;3299.0;1110.0;791.0;1158.0;1972.0;584.0;896.0;1236.0;;498.0;4.0
8.25;3.25;4.25;0.75;15905.0;6425.0;6718.0;2878.0;8870.0;3478.0;3817.0;1641.0;1073.0;1894.0;2183.0;873.0;1487.0;1537.0;;725.0;2.25
9.0;4.25;2.5;2.25;11972.0;3757.0;5652.0;2643.0;7527.0;2353.0;3532.0;1699.0;901.0;1407.0;2186.0;1078.0;935.0;1307.0;;605.0;0.5
5.0;4.0;0.75;0.25;8175.0;2864.0;3517.0;1824.0;5664.0;1974.0;2370.0;1343.0;624.0;1266.0;1541.0;944.0;704.0;812.0;;395.0;2.75
5.25;2.25;2.25;0.75;8214.0;2780.0;3567.0;1880.0;5464.0;1853.0;2333.0;1289.0;666.0;1197.0;1489.0;859.0;643.0;825.0;;422.0;2.5
12.5;8.0;3.5;1.0;10288.0;3530.0;4972.0;1829.0;6867.0;2259.0;3356.0;1281.0;824.0;1356.0;2263.0;878.0;891.0;1075.0;;397.0;0.5
3.5;2.0;1.0;0.5;4330.0;1213.0;2298.0;833.0;2822.0;789.0;1498.0;548.0;339.0;528.0;1027.0;388.0;257.0;458.0;;157.0;1.0
3.25;2.0;0.0;1.25;5096.0;1716.0;2736.0;676.0;2947.0;968.0;1646.0;348.0;375.0;627.0;1103.0;210.0;313.0;512.0;;125.0;0.5
4.0;3.5;0.0;0.5;4275.0;1181.0;2599.0;515.0;2566.0;670.0;1593.0;312.0;268.0;368.0;1142.0;200.0;294.0;424.0;;109.0;0.25
4.25;3.0;0.25;1.0;5345.0;1590.0;3150.0;668.0;3191.0;885.0;1955.0;380.0;368.0;535.0;1326.0;216.0;332.0;591.0;;153.0;0.0
4.0;1.75;1.5;0.75;6231.0;1982.0;3366.0;922.0;3294.0;1059.0;1784.0;469.0;406.0;620.0;1080.0;244.0;401.0;626.0;;208.0;3.25
3.75;2.25;0.5;1.0;7342.0;2516.0;3823.0;1022.0;3547.0;1208.0;1878.0;467.0;412.0;658.0;1089.0;225.0;482.0;676.0;;204.0;0.5
5.25;4.75;0.25;0.25;10484.0;3452.0;5650.0;1422.0;5379.0;1631.0;3077.0;688.0;664.0;931.0;2007.0;394.0;587.0;915.0;;248.0;0.5
4.25;1.5;2.5;0.25;5846.0;1581.0;3218.0;1053.0;3026.0;794.0;1729.0;508.0;327.0;466.0;1091.0;278.0;273.0;552.0;;193.0;1.25
2.5;0.75;1.25;0.5;7823.0;2735.0;4075.0;1059.0;3906.0;1362.0;2031.0;537.0;423.0;771.0;1163.0;290.0;496.0;731.0;;217.0;0.25
7.0;6.0;0.25;0.75;9950.0;2782.0;6005.0;1200.0;4989.0;1242.0;3227.0;536.0;476.0;627.0;2063.0;275.0;501.0;1012.0;;214.0;5.25
5.75;2.75;0.5;2.5;9660.0;3527.0;4947.0;1251.0;4718.0;1771.0;2415.0;565.0;658.0;1042.0;1402.0;312.0;609.0;849.0;;210.0;1.25
2.75;2.0;0.5;0.25;2951.0;765.0;1553.0;639.0;1598.0;410.0;880.0;313.0;175.0;259.0;583.0;185.0;130.0;260.0;;102.0;0.5
6.25;4.75;0.0;1.5;10399.0;3346.0;6008.0;1061.0;5492.0;1678.0;3316.0;508.0;690.0;963.0;2183.0;249.0;623.0;968.0;;233.0;0.5
7.5;5.5;0.25;1.75;13822.0;4817.0;7840.0;1272.0;7491.0;2450.0;4415.0;677.0;909.0;1395.0;2862.0;400.0;910.0;1374.0;;244.0;0.5
5.75;3.75;0.5;1.5;8459.0;3214.0;4045.0;1247.0;4971.0;1742.0;2557.0;698.0;603.0;1013.0;1770.0;404.0;660.0;741.0;;266.0;0.25
3.0;1.75;0.5;0.75;4100.0;1368.0;2270.0;511.0;2254.0;672.0;1329.0;272.0;229.0;381.0;891.0;156.0;249.0;385.0;;102.0;3.75
3.75;2.0;0.0;1.75;7170.0;2550.0;3844.0;797.0;3931.0;1383.0;2163.0;397.0;456.0;880.0;1428.0;210.0;425.0;636.0;;166.0;1.25
14.5;11.0;0.5;3.0;18599.0;6418.0;10369.0;1912.0;10707.0;3333.0;6293.0;1135.0;1133.0;1882.0;4254.0;746.0;1280.0;1866.0;;342.0;0.75
2.5;1.0;0.25;1.25;3320.0;1131.0;1949.0;262.0;1805.0;587.0;1096.0;129.0;208.0;389.0;729.0;94.0;151.0;318.0;;23.0;1.75
4.75;4.0;0.25;0.5;8900.0;2936.0;5043.0;974.0;4314.0;1386.0;2541.0;411.0;429.0;812.0;1605.0;224.0;448.0;778.0;;135.0;0.75
2.0;1.5;0.25;0.25;2717.0;918.0;1452.0;362.0;1542.0;506.0;839.0;207.0;202.0;311.0;559.0;128.0;176.0;249.0;;70.0;0.75
2.25;2.25;0.0;0.0;2098.0;537.0;1359.0;204.0;1084.0;265.0;710.0;111.0;123.0;155.0;471.0;72.0;85.0;191.0;;31.0;1.0
2.5;1.75;0.75;0.0;2243.0;709.0;1349.0;191.0;1192.0;366.0;710.0;119.0;107.0;221.0;448.0;85.0;117.0;218.0;;30.0;0.25
1.5;1.0;0.25;0.25;2120.0;706.0;1212.0;225.0;1094.0;367.0;637.0;102.0;114.0;238.0;377.0;51.0;96.0;222.0;;39.0;0.5
3.75;2.75;0.25;0.75;4011.0;1403.0;2304.0;346.0;2086.0;640.0;1303.0;156.0;237.0;339.0;862.0;75.0;245.0;387.0;;68.0;0.5
1.5;1.5;0.0;0.0;1979.0;680.0;1072.0;227.0;1012.0;349.0;547.0;116.0;136.0;209.0;324.0;76.0;116.0;189.0;;29.0;0.25
1.25;1.0;0.0;0.25;1703.0;544.0;973.0;206.0;879.0;279.0;506.0;100.0;105.0;159.0;312.0;62.0;102.0;165.0;;28.0;0.25
1.75;1.0;0.25;0.5;3148.0;1026.0;1750.0;395.0;1494.0;457.0;913.0;135.0;172.0;244.0;588.0;44.0;174.0;259.0;;65.0;0.25
5.25;4.5;0.5;0.25;8002.0;2501.0;4597.0;934.0;4172.0;1211.0;2472.0;501.0;518.0;701.0;1583.0;298.0;412.0;767.0;;177.0;4.5
4.75;4.0;0.5;0.25;9470.0;2945.0;5321.0;1227.0;4420.0;1323.0;2542.0;565.0;535.0;752.0;1438.0;289.0;465.0;934.0;;241.0;0.5
3.25;3.0;0.0;0.25;5563.0;1756.0;2812.0;1013.0;2965.0;902.0;1573.0;500.0;289.0;523.0;1043.0;298.0;330.0;459.0;;168.0;1.5
3.75;3.0;0.0;0.75;6002.0;1972.0;3242.0;809.0;3248.0;1024.0;1832.0;404.0;353.0;602.0;1229.0;244.0;368.0;525.0;;133.0;2.0
3.75;1.75;1.75;0.25;4575.0;1568.0;2298.0;718.0;2574.0;919.0;1282.0;379.0;226.0;602.0;842.0;224.0;281.0;380.0;;137.0;0.5
3.5;2.5;0.25;0.75;6915.0;2282.0;3749.0;908.0;3796.0;1282.0;2041.0;486.0;452.0;828.0;1287.0;274.0;397.0;659.0;;185.0;2.75
6.5;4.5;0.0;2.0;9952.0;3342.0;5196.0;1447.0;5899.0;1911.0;3159.0;846.0;601.0;1131.0;2059.0;499.0;744.0;1048.0;;337.0;1.75
6.25;6.25;0.0;0.0;10810.0;3541.0;6098.0;1222.0;5763.0;1863.0;3278.0;651.0;557.0;1039.0;2108.0;353.0;749.0;1031.0;;280.0;8.0
8.0;6.5;0.0;1.5;15293.0;5281.0;8141.0;1926.0;8167.0;2775.0;4408.0;1013.0;869.0;1613.0;2804.0;526.0;1041.0;1423.0;;459.0;1.75
7.5;7.5;0.0;0.0;10095.0;3503.0;5228.0;1394.0;5463.0;1688.0;3114.0;679.0;570.0;886.0;2076.0;334.0;702.0;948.0;;313.0;4.75
4.75;3.5;0.0;1.25;8782.0;2948.0;4729.0;1139.0;5101.0;1701.0;2775.0;649.0;640.0;1081.0;1834.0;379.0;569.0;850.0;;251.0;1.75
6.0;4.0;1.25;0.75;8853.0;3036.0;4653.0;1209.0;5362.0;1773.0;2931.0;682.0;647.0;1127.0;1959.0;380.0;598.0;922.0;;284.0;0.25
3.5;3.25;0.0;0.25;4678.0;1489.0;2438.0;766.0;2656.0;870.0;1386.0;412.0;286.0;539.0;838.0;236.0;313.0;507.0;;161.0;0.0
4.5;4.5;0.0;0.0;8106.0;2461.0;4956.0;714.0;4661.0;1243.0;3035.0;398.0;489.0;713.0;2061.0;241.0;453.0;888.0;;144.0;2.25
3.25;1.25;1.0;1.0;6198.0;2481.0;3011.0;738.0;3556.0;1403.0;1757.0;414.0;411.0;915.0;1111.0;245.0;433.0;578.0;;157.0;0.5
2.0;1.25;0.5;0.25;3836.0;1258.0;2151.0;440.0;2094.0;669.0;1192.0;239.0;217.0;395.0;776.0;134.0;236.0;361.0;;92.0;1.0
1.5;1.0;0.5;0.0;1925.0;694.0;946.0;300.0;1070.0;379.0;541.0;154.0;122.0;250.0;355.0;92.0;111.0;160.0;;50.0;0.25
4.0;3.0;0.25;0.75;4432.0;1238.0;2734.0;502.0;2446.0;635.0;1572.0;262.0;196.0;377.0;1052.0;158.0;219.0;456.0;;90.0;0.25
3.25;1.0;0.5;1.75;4532.0;1516.0;2517.0;507.0;2388.0;781.0;1361.0;250.0;272.0;457.0;880.0;140.0;275.0;418.0;;92.0;0.25
3.5;3.25;0.0;0.25;4698.0;1509.0;2754.0;457.0;2498.0;795.0;1468.0;246.0;253.0;477.0;980.0;137.0;271.0;414.0;;97.0;2.25
3.25;2.0;0.75;0.5;5560.0;1853.0;3155.0;590.0;2947.0;963.0;1711.0;292.0;338.0;567.0;1118.0;165.0;337.0;515.0;;106.0;1.25
1.75;1.25;0.0;0.5;2469.0;857.0;1305.0;309.0;1323.0;464.0;700.0;161.0;192.0;284.0;458.0;89.0;156.0;207.0;;60.0;0.75
2.25;0.75;1.5;0.0;2838.0;1065.0;1336.0;443.0;1605.0;646.0;688.0;275.0;201.0;428.0;419.0;171.0;197.0;239.0;;101.0;2.25
2.5;1.25;0.5;0.75;4609.0;1540.0;2591.0;487.0;2531.0;847.0;1427.0;263.0;325.0;524.0;946.0;162.0;287.0;432.0;;89.0;0.25
1.75;1.0;0.25;0.5;3299.0;914.0;1998.0;417.0;1872.0;498.0;1186.0;200.0;171.0;315.0;789.0;110.0;156.0;356.0;;72.0;0.25
3.25;2.25;0.0;1.0;3608.0;1134.0;2019.0;469.0;2066.0;600.0;1226.0;250.0;217.0;364.0;869.0;147.0;206.0;315.0;;87.0;1.25
3.25;2.75;0.25;0.25;3780.0;1135.0;2304.0;350.0;2167.0;573.0;1407.0;191.0;231.0;336.0;992.0;99.0;195.0;367.0;;81.0;0.5
4.25;4.0;0.0;0.25;7867.0;2490.0;4240.0;1161.0;4424.0;1326.0;2462.0;651.0;449.0;803.0;1647.0;410.0;463.0;719.0;;219.0;2.5
2.75;0.75;0.25;1.75;7493.0;2785.0;3614.0;1118.0;4130.0;1557.0;1996.0;588.0;515.0;1005.0;1311.0;352.0;477.0;600.0;;202.0;2.25
2.75;1.5;1.25;0.0;5591.0;1989.0;2612.0;1012.0;2919.0;1136.0;1274.0;524.0;276.0;756.0;781.0;312.0;324.0;385.0;;182.0;2.25
2.25;1.25;0.0;1.0;8040.0;2765.0;3929.0;1377.0;4144.0;1380.0;2129.0;653.0;439.0;845.0;1350.0;356.0;435.0;660.0;;244.0;4.0
4.25;4.25;0.0;0.0;8648.0;3176.0;4419.0;1096.0;4098.0;1465.0;2181.0;470.0;486.0;835.0;1284.0;203.0;506.0;765.0;;224.0;0.5
4.5;2.25;0.75;1.5;10220.0;3362.0;5883.0;1029.0;5396.0;1593.0;3326.0;507.0;552.0;911.0;2195.0;278.0;547.0;994.0;;189.0;1.0
5.25;4.25;0.5;0.5;8650.0;2613.0;5279.0;800.0;4775.0;1416.0;2954.0;431.0;478.0;880.0;1990.0;258.0;466.0;849.0;;153.0;0.75
3.0;2.0;1.0;0.0;3970.0;1218.0;2035.0;739.0;2388.0;712.0;1245.0;441.0;207.0;476.0;839.0;277.0;215.0;379.0;;158.0;3.5
4.75;0.5;1.25;3.0;9974.0;4004.0;4999.0;1053.0;5297.0;2097.0;2660.0;578.0;574.0;1305.0;1676.0;362.0;668.0;848.0;;190.0;0.75
6.0;5.25;0.0;0.75;10145.0;3137.0;5728.0;1329.0;5545.0;1581.0;3347.0;643.0;606.0;901.0;2242.0;349.0;606.0;1015.0;;258.0;0.75
6.25;4.75;1.25;0.25;8411.0;2444.0;4862.0;1161.0;4969.0;1406.0;2902.0;694.0;575.0;849.0;2061.0;464.0;527.0;782.0;;215.0;1.5
3.0;1.0;1.5;0.5;5644.0;2252.0;2587.0;845.0;3451.0;1405.0;1564.0;511.0;448.0;953.0;1060.0;318.0;427.0;479.0;;184.0;0.25
2.5;2.0;0.0;0.5;3226.0;712.0;1891.0;630.0;1630.0;452.0;907.0;275.0;165.0;318.0;615.0;147.0;124.0;260.0;;110.0;0.0
4.25;2.0;0.5;1.75;6414.0;1730.0;3931.0;777.0;3301.0;891.0;2090.0;333.0;278.0;507.0;1329.0;172.0;337.0;691.0;;134.0;0.0
2.5;2.25;0.0;0.25;3036.0;1009.0;1563.0;467.0;1738.0;596.0;901.0;244.0;188.0;387.0;617.0;143.0;194.0;261.0;;87.0;0.5
4.25;3.75;0.0;0.5;7135.0;2334.0;4110.0;744.0;3783.0;1135.0;2308.0;362.0;452.0;642.0;1557.0;200.0;418.0;666.0;;141.0;0.0
2.0;0.5;1.0;0.5;4057.0;1654.0;1842.0;582.0;2061.0;812.0;960.0;297.0;221.0;471.0;570.0;153.0;296.0;344.0;;132.0;0.25
3.0;0.5;0.75;1.75;4815.0;1608.0;2665.0;553.0;2709.0;819.0;1583.0;314.0;298.0;512.0;1044.0;186.0;255.0;503.0;;119.0;1.25
3.0;2.25;0.25;0.5;5308.0;1757.0;2826.0;761.0;2918.0;939.0;1605.0;392.0;273.0;553.0;1042.0;240.0;349.0;513.0;;132.0;0.25
2.0;1.5;0.5;0.0;3165.0;944.0;1804.0;442.0;1688.0;464.0;993.0;242.0;120.0;272.0;639.0;140.0;165.0;311.0;;93.0;1.25
2.0;1.75;0.25;0.0;3680.0;1197.0;2126.0;371.0;2020.0;612.0;1232.0;182.0;240.0;356.0;824.0;91.0;226.0;367.0;;80.0;0.25
1.5;0.25;1.0;0.25;2295.0;818.0;1156.0;338.0;1258.0;458.0;618.0;191.0;156.0;286.0;373.0;105.0;152.0;215.0;;79.0;0.75
3.0;0.75;2.0;0.25;3501.0;1401.0;1770.0;342.0;1899.0;739.0;976.0;188.0;185.0;456.0;635.0;110.0;240.0;298.0;;70.0;0.5
1.25;0.75;0.5;0.0;3234.0;1351.0;1465.0;428.0;1406.0;543.0;677.0;191.0;149.0;265.0;388.0;95.0;206.0;228.0;;76.0;0.75
1.25;0.25;0.75;0.25;2634.0;942.0;1382.0;350.0;1336.0;511.0;685.0;155.0;129.0;303.0;420.0;72.0;182.0;214.0;;73.0;2.25
2.75;2.5;0.25;0.0;3917.0;1382.0;2124.0;424.0;2009.0;649.0;1158.0;206.0;239.0;373.0;758.0;128.0;224.0;333.0;;63.0;0.0
2.5;2.0;0.25;0.25;2438.0;736.0;1399.0;307.0;1287.0;366.0;766.0;158.0;141.0;225.0;497.0;85.0;109.0;234.0;;64.0;0.25
6.0;4.75;0.5;0.75;4204.0;1129.0;1039.0;2049.0;2897.0;688.0;794.0;1427.0;357.0;579.0;699.0;1312.0;104.0;93.0;;107.0;0.25
6.0;3.75;0.25;2.0;2720.0;523.0;823.0;1378.0;2274.0;416.0;648.0;1214.0;283.0;384.0;567.0;1144.0;30.0;79.0;;69.0;0.25
8.0;5.25;0.25;2.5;5057.0;1409.0;1720.0;1954.0;3472.0;872.0;1163.0;1459.0;427.0;759.0;998.0;1344.0;109.0;152.0;;104.0;6.75
7.75;5.0;0.5;2.25;4160.0;851.0;1529.0;1786.0;2792.0;616.0;954.0;1228.0;333.0;535.0;819.0;1094.0;81.0;126.0;;127.0;0.5
10.0;4.75;0.25;5.0;4368.0;1146.0;1561.0;1668.0;3294.0;886.0;1019.0;1396.0;432.0;791.0;907.0;1310.0;94.0;97.0;;81.0;1.25
12.5;7.75;0.75;4.0;4596.0;906.0;1342.0;2353.0;3665.0;709.0;1115.0;1846.0;477.0;629.0;993.0;1708.0;76.0;120.0;;124.0;9.0
12.5;8.75;3.0;0.75;3706.0;805.0;1139.0;1763.0;3227.0;690.0;950.0;1588.0;460.0;632.0;840.0;1496.0;56.0;107.0;;91.0;0.25
10.0;9.5;0.0;0.5;3439.0;690.0;1318.0;1443.0;2854.0;568.0;1066.0;1231.0;361.0;516.0;938.0;1132.0;51.0;126.0;;99.0;3.75
5.5;4.0;0.5;1.0;2610.0;499.0;840.0;1278.0;2287.0;436.0;714.0;1144.0;289.0;402.0;652.0;1080.0;33.0;60.0;;58.0;4.75
5.0;3.5;0.0;1.5;2508.0;567.0;742.0;1207.0;2212.0;485.0;639.0;1096.0;272.0;443.0;580.0;1039.0;41.0;58.0;;57.0;0.0
10.25;6.25;2.5;1.5;4049.0;877.0;1292.0;1894.0;3022.0;625.0;954.0;1457.0;381.0;553.0;811.0;1318.0;67.0;136.0;;120.0;1.0
10.5;9.5;0.0;1.0;3062.0;609.0;1003.0;1462.0;2320.0;443.0;751.0;1138.0;283.0;389.0;656.0;1032.0;53.0;91.0;;101.0;1.75
7.5;6.25;0.75;0.5;3278.0;751.0;1034.0;1509.0;2605.0;604.0;775.0;1242.0;297.0;544.0;677.0;1139.0;59.0;96.0;;92.0;0.75
5.25;3.5;0.25;1.5;2801.0;502.0;754.0;1552.0;2409.0;430.0;630.0;1356.0;246.0;389.0;559.0;1243.0;41.0;71.0;;113.0;1.75
8.75;6.75;0.75;1.25;3466.0;715.0;1206.0;1567.0;2677.0;536.0;898.0;1265.0;341.0;454.0;742.0;1119.0;79.0;153.0;;142.0;1.25
5.5;3.75;1.0;0.75;1903.0;316.0;672.0;924.0;1633.0;279.0;532.0;831.0;196.0;258.0;477.0;773.0;21.0;52.0;;58.0;0.25
7.5;6.0;0.5;1.0;2190.0;297.0;750.0;1152.0;1837.0;256.0;556.0;1034.0;198.0;236.0;473.0;980.0;20.0;76.0;;52.0;0.5
3.0;2.0;0.5;0.5;992.0;135.0;285.0;575.0;877.0;117.0;252.0;511.0;89.0;107.0;232.0;476.0;10.0;19.0;;35.0;0.5
3.75;2.25;0.25;1.25;1411.0;240.0;542.0;634.0;1246.0;206.0;473.0;572.0;151.0;191.0;429.0;543.0;14.0;44.0;;28.0;0.0
5.0;2.5;0.5;2.0;1944.0;319.0;614.0;1016.0;1677.0;261.0;477.0;944.0;165.0;236.0;427.0;910.0;23.0;45.0;;33.0;4.5
5.5;4.0;0.5;1.0;1755.0;251.0;556.0;954.0;1490.0;196.0;411.0;887.0;152.0;177.0;351.0;853.0;18.0;58.0;;34.0;1.75
3.25;3.0;0.0;0.25;1216.0;99.0;254.0;865.0;856.0;78.0;202.0;578.0;70.0;69.0;178.0;449.0;8.0;22.0;;113.0;3.0
3.0;0.5;0.25;2.25;1241.0;220.0;373.0;653.0;1033.0;178.0;283.0;577.0;99.0;150.0;252.0;514.0;28.0;30.0;;63.0;0.5
3.25;2.75;0.5;0.0;641.0;78.0;250.0;314.0;572.0;73.0;199.0;301.0;63.0;70.0;173.0;293.0;3.0;24.0;;8.0;0.25
5.0;4.0;0.0;1.0;1519.0;271.0;714.0;543.0;1217.0;232.0;487.0;507.0;152.0;209.0;391.0;487.0;23.0;89.0;;20.0;2.5
4.75;3.0;0.0;1.75;6811.0;2294.0;3499.0;1044.0;4375.0;1389.0;2364.0;639.0;591.0;849.0;1682.0;410.0;525.0;658.0;;217.0;4.5
5.25;3.5;0.75;1.0;6130.0;2052.0;3093.0;1006.0;3717.0;1227.0;1902.0;601.0;426.0;778.0;1200.0;363.0;435.0;684.0;;233.0;1.75
4.25;2.75;1.5;0.0;3964.0;1349.0;2010.0;617.0;2459.0;856.0;1261.0;348.0;318.0;583.0;813.0;210.0;262.0;433.0;;132.0;0.5
4.75;3.75;0.5;0.5;5150.0;1605.0;2764.0;806.0;3334.0;998.0;1859.0;491.0;418.0;644.0;1359.0;321.0;332.0;467.0;;155.0;0.75
5.5;3.5;1.5;0.5;5666.0;1614.0;3045.0;1036.0;3292.0;954.0;1785.0;571.0;334.0;585.0;1126.0;311.0;364.0;628.0;;252.0;0.5
3.5;2.25;1.0;0.25;5030.0;1616.0;2406.0;1050.0;2973.0;975.0;1456.0;566.0;336.0;627.0;978.0;309.0;334.0;452.0;;245.0;4.25
4.75;4.0;0.5;0.25;10426.0;3580.0;5513.0;1411.0;5719.0;1873.0;3183.0;697.0;597.0;1064.0;2103.0;383.0;720.0;979.0;;284.0;0.75
3.0;1.75;1.0;0.25;4970.0;1855.0;2298.0;848.0;2695.0;968.0;1307.0;435.0;227.0;523.0;835.0;243.0;422.0;443.0;;179.0;2.0
7.25;4.5;0.5;2.25;7322.0;2457.0;3934.0;977.0;4415.0;1350.0;2497.0;596.0;491.0;722.0;1731.0;370.0;583.0;709.0;;215.0;2.25
4.0;3.0;0.0;1.0;4778.0;1330.0;2962.0;537.0;2801.0;754.0;1754.0;319.0;333.0;435.0;1173.0;192.0;310.0;553.0;;125.0;0.5
2.75;1.75;0.5;0.5;3196.0;1142.0;1779.0;284.0;1908.0;648.0;1106.0;161.0;206.0;380.0;745.0;87.0;247.0;345.0;;73.0;0.0
3.25;2.0;0.25;1.0;7907.0;2747.0;3920.0;1297.0;3788.0;1177.0;2079.0;552.0;412.0;558.0;1261.0;261.0;517.0;718.0;;241.0;3.0
3.25;3.0;0.25;0.0;7690.0;2719.0;3807.0;1176.0;3188.0;1105.0;1664.0;423.0;382.0;469.0;852.0;123.0;545.0;680.0;;256.0;0.75
3.25;2.75;0.25;0.25;6073.0;1766.0;3501.0;829.0;2955.0;811.0;1815.0;338.0;315.0;356.0;1036.0;105.0;395.0;682.0;;198.0;2.75
4.0;2.0;1.5;0.5;6740.0;1916.0;3808.0;1075.0;3026.0;845.0;1809.0;387.0;296.0;399.0;977.0;129.0;374.0;714.0;;207.0;1.0
2.5;2.25;0.0;0.25;4318.0;1312.0;2241.0;779.0;2119.0;655.0;1118.0;350.0;245.0;350.0;642.0;171.0;272.0;421.0;;156.0;0.0
4.0;3.75;0.0;0.25;7613.0;2279.0;4476.0;872.0;3366.0;987.0;2020.0;364.0;346.0;455.0;1114.0;140.0;454.0;753.0;;195.0;0.75
4.0;2.5;0.0;1.5;5598.0;1705.0;3372.0;583.0;3121.0;813.0;2061.0;270.0;367.0;454.0;1378.0;144.0;297.0;635.0;;103.0;1.25
2.75;2.0;0.25;0.5;2776.0;801.0;1748.0;244.0;1547.0;412.0;1014.0;132.0;144.0;224.0;654.0;75.0;172.0;324.0;;52.0;0.25
3.5;2.25;1.25;0.0;3494.0;1321.0;1771.0;419.0;1725.0;589.0;911.0;235.0;191.0;309.0;518.0;152.0;237.0;353.0;;74.0;0.0
4.0;2.5;1.0;0.5;5321.0;1728.0;3136.0;497.0;2944.0;949.0;1742.0;273.0;291.0;566.0;1081.0;156.0;357.0;604.0;;111.0;3.25
3.25;2.5;0.0;0.75;5864.0;2107.0;3050.0;736.0;3277.0;1150.0;1769.0;372.0;368.0;674.0;1142.0;175.0;427.0;580.0;;181.0;1.0
2.25;1.75;0.0;0.5;3206.0;1229.0;1478.0;500.0;1680.0;667.0;768.0;246.0;155.0;396.0;473.0;138.0;239.0;256.0;;90.0;1.5
1.5;0.75;0.0;0.75;3940.0;1555.0;1960.0;471.0;2104.0;831.0;1045.0;246.0;236.0;486.0;601.0;133.0;307.0;395.0;;101.0;0.5
2.75;2.0;0.25;0.5;2875.0;840.0;1722.0;327.0;1681.0;499.0;987.0;204.0;196.0;324.0;588.0;118.0;163.0;370.0;;83.0;0.75
2.0;1.75;0.0;0.25;1989.0;642.0;1066.0;290.0;1192.0;379.0;642.0;176.0;122.0;239.0;412.0;107.0;133.0;214.0;;65.0;1.5
2.0;1.5;0.5;0.0;2451.0;919.0;1202.0;335.0;1380.0;503.0;700.0;180.0;170.0;304.0;437.0;101.0;175.0;245.0;;71.0;0.5
3.25;2.0;1.0;0.25;4763.0;1828.0;2244.0;717.0;3010.0;1119.0;1454.0;455.0;334.0;727.0;966.0;286.0;364.0;466.0;;159.0;1.0
8.25;7.75;0.0;0.5;11170.0;3577.0;6425.0;1255.0;6570.0;1952.0;3958.0;705.0;830.0;1130.0;2713.0;419.0;739.0;1159.0;;261.0;3.0
3.25;0.75;0.5;2.0;10084.0;4252.0;4584.0;1298.0;5625.0;2390.0;2567.0;698.0;708.0;1485.0;1565.0;403.0;826.0;921.0;;277.0;0.0
4.25;3.0;0.75;0.5;6030.0;2119.0;2926.0;1026.0;3563.0;1200.0;1784.0;603.0;370.0;753.0;1197.0;379.0;406.0;552.0;;207.0;3.0
3.75;2.25;0.75;0.75;6187.0;2056.0;3113.0;1028.0;3567.0;1194.0;1845.0;536.0;447.0;781.0;1205.0;313.0;371.0;595.0;;200.0;2.0
4.75;3.75;0.0;1.0;11267.0;3838.0;6296.0;1214.0;6255.0;2064.0;3545.0;688.0;717.0;1142.0;2156.0;395.0;868.0;1292.0;;276.0;0.75
4.25;3.25;0.0;1.0;7449.0;2539.0;4087.0;859.0;4038.0;1363.0;2287.0;409.0;549.0;813.0;1461.0;184.0;501.0;759.0;;214.0;0.25
2.25;1.5;0.75;0.0;1995.0;554.0;1085.0;369.0;1112.0;318.0;595.0;206.0;116.0;205.0;361.0;117.0;104.0;218.0;;83.0;3.0
3.25;2.75;0.5;0.0;5226.0;1584.0;3024.0;633.0;2900.0;845.0;1749.0;314.0;323.0;473.0;1148.0;159.0;345.0;550.0;;142.0;1.75
2.75;1.5;1.0;0.25;3999.0;1320.0;2128.0;566.0;2289.0;749.0;1267.0;280.0;273.0;463.0;833.0;155.0;268.0;412.0;;113.0;1.5
2.75;1.5;1.25;0.0;4743.0;1635.0;2480.0;648.0;2492.0;895.0;1279.0;329.0;285.0;535.0;722.0;177.0;328.0;501.0;;137.0;1.75
2.0;1.25;0.25;0.5;5964.0;2067.0;3183.0;741.0;2996.0;1068.0;1601.0;341.0;340.0;610.0;907.0;159.0;405.0;608.0;;163.0;1.75
2.75;1.75;0.75;0.25;4487.0;1588.0;2332.0;583.0;2300.0;834.0;1151.0;325.0;213.0;483.0;646.0;169.0;313.0;452.0;;148.0;1.25
3.0;1.0;1.75;0.25;4666.0;1597.0;2382.0;692.0;2271.0;819.0;1153.0;304.0;253.0;462.0;654.0;131.0;315.0;435.0;;154.0;2.25
3.0;1.25;1.0;0.75;4219.0;1377.0;2329.0;540.0;2179.0;706.0;1249.0;237.0;240.0;403.0;768.0;129.0;268.0;421.0;;87.0;1.25
3.25;1.25;2.0;0.0;4776.0;1800.0;2283.0;707.0;2432.0;968.0;1143.0;331.0;233.0;581.0;648.0;160.0;334.0;421.0;;139.0;3.0
3.75;1.0;0.75;2.0;7681.0;3170.0;3658.0;877.0;3786.0;1465.0;1900.0;436.0;386.0;823.0;1114.0;216.0;542.0;710.0;;193.0;1.25
4.25;3.0;0.75;0.5;3850.0;1157.0;2056.0;652.0;2164.0;674.0;1147.0;353.0;220.0;410.0;745.0;194.0;240.0;351.0;;142.0;1.0
2.75;2.0;0.25;0.5;3026.0;928.0;1605.0;508.0;1774.0;504.0;997.0;280.0;211.0;305.0;662.0;161.0;173.0;318.0;;103.0;3.75
4.5;2.75;0.75;1.0;6322.0;1983.0;3408.0;969.0;3596.0;1083.0;2067.0;472.0;439.0;658.0;1440.0;274.0;375.0;576.0;;169.0;0.75
3.5;2.5;0.0;1.0;3018.0;755.0;1930.0;348.0;1640.0;406.0;1055.0;187.0;166.0;214.0;671.0;111.0;180.0;337.0;;74.0;2.75
3.75;2.0;1.0;0.75;4750.0;1720.0;2219.0;868.0;2448.0;826.0;1239.0;399.0;315.0;440.0;759.0;179.0;343.0;450.0;;195.0;0.25
4.25;4.0;0.25;0.0;3795.0;1112.0;2213.0;486.0;2276.0;648.0;1383.0;253.0;239.0;376.0;937.0;130.0;259.0;423.0;;115.0;1.0
2.25;0.75;1.5;0.0;2645.0;901.0;1291.0;461.0;1562.0;532.0;770.0;267.0;247.0;319.0;512.0;143.0;200.0;241.0;;119.0;0.5
1.5;0.25;1.25;0.0;2265.0;832.0;990.0;448.0;1311.0;490.0;552.0;273.0;136.0;307.0;312.0;171.0;170.0;230.0;;98.0;2.25
3.0;1.75;0.75;0.5;3607.0;1259.0;1903.0;464.0;2012.0;634.0;1139.0;248.0;218.0;338.0;763.0;131.0;269.0;353.0;;109.0;0.0
3.75;0.5;1.25;2.0;7412.0;2779.0;3586.0;1127.0;4231.0;1551.0;2115.0;595.0;555.0;931.0;1356.0;317.0;577.0;718.0;;263.0;1.5
3.75;2.0;0.75;1.0;4999.0;1710.0;2399.0;924.0;2788.0;935.0;1402.0;467.0;393.0;515.0;902.0;254.0;405.0;473.0;;199.0;2.75
3.25;1.75;0.25;1.25;5142.0;1779.0;2397.0;995.0;2828.0;957.0;1390.0;496.0;340.0;569.0;874.0;255.0;358.0;485.0;;218.0;2.0
4.5;3.25;0.25;1.0;5786.0;1793.0;3082.0;955.0;3351.0;1002.0;1834.0;531.0;453.0;603.0;1198.0;323.0;364.0;590.0;;192.0;0.75
4.75;2.0;2.0;0.75;4650.0;1218.0;2541.0;905.0;2470.0;674.0;1373.0;433.0;334.0;420.0;856.0;235.0;230.0;474.0;;179.0;0.75
4.0;2.25;0.75;1.0;4715.0;1572.0;2287.0;872.0;2475.0;812.0;1226.0;445.0;307.0;475.0;725.0;249.0;301.0;458.0;;181.0;0.5
2.75;2.0;0.5;0.25;3396.0;924.0;2014.0;463.0;1666.0;463.0;994.0;210.0;215.0;265.0;562.0;90.0;174.0;386.0;;109.0;1.0
1.5;0.75;0.5;0.25;3246.0;1069.0;1520.0;680.0;1588.0;522.0;786.0;291.0;196.0;307.0;468.0;143.0;180.0;277.0;;121.0;0.0
3.0;1.75;0.25;1.0;3264.0;966.0;1737.0;590.0;1672.0;476.0;953.0;253.0;209.0;267.0;610.0;116.0;183.0;299.0;;116.0;0.75
5.75;4.5;0.25;1.0;6049.0;1993.0;3438.0;648.0;3128.0;952.0;1842.0;346.0;381.0;501.0;1165.0;215.0;394.0;612.0;;114.0;0.0
2.75;1.25;1.0;0.5;3886.0;1254.0;2011.0;636.0;1915.0;646.0;949.0;328.0;205.0;382.0;455.0;185.0;225.0;442.0;;123.0;0.25
2.0;1.0;0.25;0.75;2885.0;894.0;1497.0;506.0;1457.0;444.0;787.0;234.0;145.0;273.0;483.0;121.0;137.0;265.0;;97.0;0.75
1.5;0.5;0.75;0.25;2365.0;865.0;1085.0;435.0;1228.0;439.0;588.0;210.0;153.0;256.0;349.0;111.0;155.0;215.0;;84.0;0.25
1.0;0.25;0.75;0.0;1675.0;576.0;778.0;323.0;790.0;285.0;366.0;140.0;102.0;168.0;204.0;74.0;92.0;134.0;;54.0;0.25
2.5;2.5;0.0;0.0;3108.0;1183.0;1495.0;453.0;1704.0;619.0;837.0;255.0;213.0;360.0;536.0;150.0;225.0;267.0;;98.0;1.5
1.75;1.0;0.25;0.5;2969.0;1031.0;1435.0;523.0;1472.0;555.0;694.0;231.0;213.0;348.0;374.0;117.0;181.0;278.0;;88.0;1.25
