total_volume;buy_volume;sell_volume;buy_ratio;sell_ratio;volume_mean;buy_mean;sell_mean;volatility;is_lower;rsi2;rsi1;rsi0;std2;std1;std0;len
22655.0;8340.0;10803.0;0.3681306554844405;0.4768483778415361;1.278643187718704;1.2640193998181266;1.3017230991685744;0.0036303108233719794;1.0;51.512471674047006;22.648955704793536;12.001514464393082;3.051920501913509;2.371016395978737;2.8933922565044643;17718.0
22493.0;8482.0;10864.0;0.37709509625216736;0.4829947094651669;1.272084605813822;1.2484545186929643;1.3040451326371385;0.004044887653344104;0.0;22.648955704793536;12.001514464393082;7.530031998462036;2.371016395978737;2.8933922565044643;3.913118960624632;17682.0
20828.0;8116.0;10371.0;0.389667754945266;0.49793547148069905;1.2692260816575258;1.2740973312401884;1.294110306962815;0.0026098281218627094;0.0;18.74041742012251;16.15453629287896;9.36811503068222;5.77142746640725;6.134125854594117;6.445735024029455;16410.0
20229.0;8217.0;10006.0;0.4061990212071778;0.49463641307034456;1.3126338329764453;1.3435251798561152;1.321447437929213;0.002405896038341147;0.0;49.488275158924544;28.1967022870446;12.30918587180635;5.43327422002608;4.842584537207381;4.475558624350708;15411.0
27137.0;11625.0;12691.0;0.4283819139919667;0.46766407487931605;1.311980274608393;1.3392857142857142;1.319779534109817;0.0029562979894606307;1.0;23.67853345711562;11.50255950048394;4.989555433132111;3.94025697131545;4.115424492078551;4.83347700935879;20684.0
28756.0;11717.0;14045.0;0.40746279037418276;0.4884198080400612;1.321264473442382;1.3278558476881233;1.3243752946723244;0.0038537990959636365;1.0;11.50255950048394;4.989555433132111;3.409860320790358;4.115424492078551;4.83347700935879;5.74108003776293;21764.0
31274.0;11797.0;16434.0;0.37721429941804696;0.5254844279593273;1.3738962351183939;1.3357110507246377;1.4162357807652535;0.0036506248868010773;0.0;4.989555433132111;3.409860320790358;2.514320987402286;4.83347700935879;5.74108003776293;6.73678103770636;22763.0
16216.0;7040.0;7662.0;0.43413912185495807;0.472496299950666;1.366708807416772;1.3760750586395623;1.3956284153005465;0.0022758503089008553;0.0;33.52643840347166;23.69199595794582;8.584045088405304;5.263732041052243;4.726520919238587;4.46542271235322;11865.0
14480.0;6159.0;6827.0;0.4253453038674033;0.4714779005524862;1.3314942528735632;1.3397868174896672;1.3605021921084097;0.002208451974165681;1.0;73.47806349531497;30.219390986551915;18.341438809335543;2.215675687008367;2.3904432120424866;2.717535648340238;10875.0
17390.0;7176.0;8482.0;0.4126509488211616;0.48775158136860264;1.3570035115099492;1.371559633027523;1.3680645161290323;0.0017963572168062177;0.0;46.83643205845636;27.871227208422425;21.768747615803434;2.8209871942282896;3.157209012719937;3.53984021532046;12815.0
14931.0;5723.0;7935.0;0.38329649722054787;0.531444645368696;1.4395487851908986;1.4120404638539354;1.4642923048532939;0.0020042709198992356;0.0;2.1291760063565874;25.38653030281651;13.859424122852516;3.791355298570684;4.078353681327798;4.603327600768818;10372.0
11516.0;4851.0;5684.0;0.4212400138937131;0.4935741576936436;1.4926766040181465;1.5140449438202248;1.4934314240672621;0.0013831456398126505;0.0;42.05129528860464;27.748167978332432;21.484484823000315;4.696325026017684;4.551167432648464;4.599252656682388;7715.0
6522.0;2487.0;3442.0;0.3813247470101196;0.5277522232444035;1.3693050598362377;1.3964065131948344;1.372955723972876;0.0008998776498333202;1.0;15.768684299569898;36.71047884948489;13.70713891839847;1.2208475539558576;1.239707626821744;1.312440474840669;4763.0
9623.0;4035.0;4693.0;0.41930790813675567;0.4876857528837161;1.3458741258741258;1.3687245590230666;1.3532295271049597;0.0015931124686252751;1.0;65.08854731204592;39.56279231723237;23.657841258928627;2.092247595290768;2.2151467220028564;2.479257701409839;7150.0
7304.0;2967.0;3792.0;0.4062157721796276;0.5191675794085433;1.4185278694892212;1.3858010275572163;1.4789391575663027;0.0009011531629059741;1.0;23.657841258928627;19.294645230870543;10.543918014047634;2.695482331605978;2.814332736191654;2.9209373495506536;5149.0
8864.0;3329.0;4878.0;0.3755640794223827;0.5503158844765343;1.4438833686268122;1.4046413502109705;1.4986175115207374;0.0009707001392451989;1.0;19.294645230870543;10.543918014047634;7.254000915975212;2.814332736191654;2.9209373495506536;3.155451631700286;6139.0
9853.0;3873.0;5328.0;0.3930782502791028;0.540749010453669;1.4955980570734668;1.4604072398190044;1.5443478260869565;0.001040249782057565;0.0;10.543918014047634;7.254000915975212;5.369265677963725;2.9209373495506536;3.155451631700286;3.3499067151190944;6588.0
9605.0;3849.0;5166.0;0.40072878709005727;0.5378448724622592;1.5645870662974426;1.5710204081632653;1.6008676789587852;0.0011099139574866704;0.0;7.254000915975212;5.369265677963725;3.254987645266283;3.155451631700286;3.3499067151190944;3.5614910852057458;6139.0
10369.0;4060.0;5843.0;0.39155174076574406;0.563506606230109;1.7003935716628402;1.7210682492581602;1.7235988200589971;0.0009023863790721489;0.0;22.57366137988876;59.75838761832741;21.89807149093174;3.3504663854454653;3.1058412708958585;3.182250579385602;6098.0
12836.0;4742.0;6862.0;0.3694297288875039;0.5345902150202555;1.5250089105381965;1.5092297899427116;1.5720504009163803;0.0015683778623347;0.0;11.4421407194003;24.629585116098426;13.540005797855258;3.944141224652079;4.278580372039305;4.628900382380246;8417.0
34891.0;14112.0;17269.0;0.40445960276289017;0.4949413888968502;1.513709327548807;1.4719933242933139;1.4977450130095404;0.010011453213571888;1.0;36.405792034656166;25.57484526662239;5.214282227172987;10.237461843640736;7.823082832234359;7.839513298030688;23050.0
37423.0;14409.0;17421.0;0.3850305961574433;0.46551585923095423;1.2049003509449756;1.2037593984962407;1.2343063624769732;0.006143305718013259;1.0;37.89681426356806;35.5628615656412;13.202511564635202;11.39273342969105;11.301790510799602;12.40828226427816;31059.0
49219.0;20733.0;23191.0;0.4212397651313517;0.47117982892785304;1.3091204085432349;1.3474361473971534;1.3008919055365458;0.00397595178448511;0.0;17.44922426467636;11.34397254874601;9.159007709016125;13.25115560998361;14.015499232992022;14.696406873790616;37597.0
41124.0;16521.0;19726.0;0.4017362124306974;0.4796712382064002;1.3137818669733563;1.3609852541395502;1.3005010548523206;0.004531512626566369;1.0;27.038482785271626;50.64782261622588;22.075070383470475;12.208449942560277;10.983908684980952;11.677676352768133;31302.0
44233.0;17967.0;21368.0;0.4061899486808491;0.48307824474939526;1.3331625425721088;1.3761488970588236;1.3260518803524886;0.005085268129553585;0.0;50.64782261622588;22.075070383470475;15.987178891057354;10.983908684980952;11.677676352768133;12.848121214792457;33179.0
44673.0;18946.0;21110.0;0.4241040449488505;0.47254493765809324;1.369455258882315;1.450689127105666;1.3295125330646178;0.004815739427530486;0.0;22.075070383470475;15.987178891057354;14.339448972748414;11.677676352768133;12.848121214792457;13.803396321195738;32621.0
27082.0;10635.0;12947.0;0.3926962558156709;0.47806661251015437;1.2702626641651031;1.2996456067456923;1.2745619216381177;0.004268389791058116;0.0;12.18575566317827;7.630577096668446;5.104915755838988;5.5699528723320455;5.930574908893743;6.473793323855805;21320.0
20711.0;7147.0;11261.0;0.34508232340302253;0.5437207281154942;1.407858065393243;1.2840459935321595;1.536708515283843;0.0029640812336869586;0.0;16.86923001798307;43.41687112584593;22.173594845729752;4.568147190054191;4.703904628072299;5.215047339190699;14711.0
16976.0;6946.0;8243.0;0.40916588124410935;0.48556786050895384;1.2864504395271295;1.3085908063300677;1.296272998899198;0.0028303962192691478;0.0;66.58972371105858;30.618587151086277;22.437304433950487;5.4554445281755;5.501988276977697;5.451075008656549;13196.0
24440.0;8831.0;12829.0;0.36133387888707036;0.5249181669394435;1.2895736597720557;1.279855072463768;1.3284663974319146;0.00401028690748089;1.0;28.87225308801581;12.315902289532076;7.00988425321836;3.037782908635836;3.376828208541263;4.267244427027822;18952.0
11539.0;4163.0;6131.0;0.36077649709680215;0.5313285380015599;1.490826873385013;1.4271511827219747;1.5826019617965927;0.0019407240268941796;0.0;25.92338947633303;19.58316559663784;7.652160101145753;3.739380797672257;4.039859991385841;4.716062976678747;7740.0
12932.0;4635.0;6984.0;0.3584132384781936;0.5400556758428704;1.500928505106778;1.4484375;1.5743913435527501;0.0020801940729003243;0.0;19.58316559663784;7.652160101145753;6.297925265541778;4.039859991385841;4.716062976678747;5.220452566588456;8616.0
7475.0;2915.0;3619.0;0.38996655518394646;0.48414715719063545;1.4472410454985478;1.4014423076923077;1.4911413267408322;0.0014572266788412797;0.0;61.27935792806724;29.435004035667603;17.645481474088925;4.894895300208166;4.628360265796085;4.668645413821871;5165.0
5094.0;2011.0;2717.0;0.39477817039654495;0.5333725952100511;1.4709789200115506;1.530441400304414;1.4498399146211314;0.0015931841652231198;1.0;69.29455101450321;22.845906737203563;15.679802470363498;2.9095478600634848;3.006529352925063;3.2011716605018234;3463.0
6185.0;2190.0;3484.0;0.35408245755860956;0.5632983023443816;1.5008493084202863;1.5744069015097053;1.4681837336704593;0.0012623556857516433;0.0;15.679802470363498;14.331215371532736;6.631423830294551;3.2011716605018234;3.3929154130334576;3.609362824654789;4121.0
30769.0;12525.0;16032.0;0.40706555299164743;0.5210439078293088;1.3530782761653475;1.34057583217382;1.3860119304919167;0.0033222636113673415;0.0;32.083873262495615;46.65500866133669;15.918244032744925;3.418241506974017;3.5495598318664805;4.381495178589154;22740.0
22821.0;8610.0;12177.0;0.37728408045221506;0.5335874852109899;1.3030891337863302;1.2785862785862785;1.3390147349901034;0.0033920882651549532;0.0;39.21645428644333;27.15640013246409;14.769303621434789;4.318636937738575;4.0952716637605375;4.568985117069215;17513.0
29214.0;11484.0;15434.0;0.3930991990141713;0.5283083453138906;1.3549464310560735;1.32533179457588;1.4027083522675634;0.003596502135756562;0.0;27.15640013246409;14.769303621434789;8.769283623530143;4.0952716637605375;4.568985117069215;5.6080856805152335;21561.0
27535.0;11682.0;13895.0;0.4242600326856728;0.5046304703105139;1.4509669600042157;1.4757453259221829;1.45665164063319;0.0020684302331509573;1.0;7.3954284300735935;6.174913911288783;3.814297431434852;4.844713613826931;5.479207857893329;6.245635976423857;18977.0
22072.0;9203.0;11319.0;0.4169536063791229;0.5128216745197536;1.4140559933371772;1.419558846213173;1.44670245398773;0.0018037422094440178;0.0;16.60695638229545;14.797151723648028;9.92828109336702;7.274484517819802;7.283661081489171;7.23415293935648;15609.0
25919.0;11258.0;13285.0;0.4343531772059107;0.5125583548748023;1.5018542125391123;1.5184785540868626;1.5055530371713508;0.0025413121719918587;1.0;60.58676691603667;20.165483812923867;8.211940405347818;6.07313500179273;6.1531876901326505;6.304561840445377;17258.0
23078.0;8981.0;12394.0;0.3891585059363896;0.5370482710806829;1.4350205198358412;1.4143307086614174;1.4657048249763482;0.0036813715200964903;0.0;73.92522949353175;27.506244473230623;12.28334662843838;3.3279122584587477;3.5377208411631345;4.221892348224905;16082.0
28088.0;12922.0;13778.0;0.4600541156365708;0.4905297636001139;1.593193420306296;1.7266167824692678;1.514731750219877;0.003422470130904182;1.0;38.31015182044188;24.896753120348293;7.402359347586014;4.792099618121477;4.924809640991213;6.097591737727281;17630.0
19912.0;7753.0;10445.0;0.38936319807151465;0.5245580554439534;1.3915717380669508;1.4127186588921283;1.3963903743315509;0.0026248669377583428;1.0;30.078033663871462;38.25395756710202;17.63430035206747;8.713638734765173;8.893211947884748;9.196772531709152;14309.0
21771.0;8868.0;11043.0;0.40733085296954663;0.5072343943778421;1.4363660354951509;1.4300919206579583;1.4471235748918883;0.0023573223635210464;1.0;38.25395756710202;17.63430035206747;14.66918085720529;8.893211947884748;9.196772531709152;9.463176990313562;15157.0
23507.0;9968.0;11634.0;0.4240439018164802;0.49491640787850427;1.4666209134015473;1.4482057242481476;1.498068503734226;0.0019546180852660277;0.0;14.66918085720529;34.49499238317097;16.397937669231652;9.463176990313562;9.171721144365437;8.900096558464968;16028.0
24034.0;10316.0;11622.0;0.42922526420903717;0.4835649496546559;1.4273666706259651;1.449690837549185;1.4355237154150198;0.002428451904817464;1.0;57.84765441906485;49.32106091345194;23.425086094156256;4.176496737697756;4.065767916396606;4.220689369048616;16838.0
25658.0;10136.0;13538.0;0.3950424818769974;0.5276327071478681;1.4620776112599008;1.4444919481259797;1.507236695613449;0.0027686602858266016;0.0;23.425086094156256;20.950121867583192;15.294398337001212;4.220689369048616;4.203718591913594;3.843236754351728;17549.0
17898.0;6438.0;10503.0;0.3597049949715052;0.5868253436138116;1.5730356828968184;1.5652808169219548;1.606700321248279;0.0026343000311259664;1.0;15.827342959369687;6.74137049093423;4.020905362213583;2.1226089489116924;2.355313142662776;2.9380052756930164;11378.0
16730.0;6437.0;9143.0;0.3847579199043634;0.5465032875074716;1.5245124840532167;1.484890426758939;1.5731245698554714;0.001960653607882093;1.0;13.536902982873002;13.536902982873002;4.500722200547045;3.1980462785894765;3.4253421361960323;4.098227513206167;10974.0
19350.0;7360.0;10812.0;0.38036175710594317;0.5587596899224806;1.5852859249549403;1.5553677092138631;1.6248872858431018;0.0021650021749128334;1.0;13.536902982873002;4.500722200547045;3.11465500605783;3.4253421361960323;4.098227513206167;4.881646110688484;12206.0
22144.0;8779.0;11720.0;0.3964505057803468;0.5292630057803468;1.462229265715795;1.4849458728010825;1.4725468023621058;0.0031826620450917187;1.0;83.40917217258833;68.5497905426918;11.037012823788103;2.4024401657481493;1.984313483298443;2.603453235608429;15144.0
31357.0;11978.0;17044.0;0.38198807283860065;0.5435468954300475;1.5060275683204456;1.536231884057971;1.513945638656955;0.004543516299121764;0.0;11.037012823788103;10.36789087433857;5.303681081029552;2.603453235608429;3.000937353561384;3.937480158680168;20821.0
29125.0;11763.0;14956.0;0.40387982832618025;0.5135107296137339;1.500592508630017;1.5304449648711944;1.5022097227802331;0.0029876336819716427;0.0;10.36789087433857;5.303681081029552;4.38561316911094;3.000937353561384;3.937480158680168;4.927537417412474;19409.0
23997.0;8471.0;13889.0;0.35300245864066343;0.5787806809184481;1.6713330547430003;1.6678480015751131;1.7236286919831223;0.004402394717435786;0.0;33.339503132598495;12.655032568572338;7.127491290732039;1.9896607751071536;2.315842179424151;3.216048623699586;14358.0
19931.0;7700.0;10763.0;0.3863328483267272;0.5400130450052681;1.4269043528064147;1.4553014553014554;1.437558434620008;0.0025119402901504504;1.0;21.795625145777933;13.203296282871747;5.327486734543896;2.125147053735341;2.349833770716558;2.96634771225492;13968.0
24128.0;9733.0;12836.0;0.40339025198938994;0.5319960212201591;1.4948268384858434;1.5281833882870153;1.4967350746268657;0.002309350374909543;0.0;13.203296282871747;5.327486734543896;3.758229412647964;2.349833770716558;2.96634771225492;3.5650210378060883;16141.0
25981.0;11016.0;13389.0;0.4240021554212694;0.5153381317116354;1.5524020076481835;1.587091197233828;1.5507296733842946;0.002310665130852503;0.0;5.327486734543896;3.758229412647964;2.3039701188097297;2.96634771225492;3.5650210378060883;4.384828246351275;16736.0
12668.0;4616.0;6938.0;0.364382696558257;0.5476791916640353;1.4176365264100268;1.3453803555814632;1.492363949236395;0.002108799678737977;0.0;43.27851865797144;14.33148467448207;7.950339670081647;1.764050736231813;1.6990806337546198;2.260358102159921;8936.0
10767.0;4820.0;4968.0;0.4476641590043652;0.46140986347171914;1.3130487804878048;1.3355500138542533;1.313590692755156;0.0014295618514131012;0.0;38.670777990427865;25.770099100167187;21.081528210364908;2.4525496936861444;2.7811867970346755;3.1720458697818352;8200.0
10595.0;4048.0;5775.0;0.3820670127418594;0.5450684285040113;1.4077863406856232;1.3968253968253967;1.4513696908771048;0.0017711134951515005;0.0;40.31767027568591;32.272868360487735;22.27320851245733;2.575728052415472;2.327955111251075;2.2406402544808484;7526.0
23666.0;9112.0;11639.0;0.3850249302797262;0.4918025859883377;1.2564238691866638;1.2375390465842726;1.2953811908736783;0.004164023703444072;1.0;14.223277402299187;9.92747164954224;5.910759213497343;3.875302407554796;4.731064230170627;5.913160639624127;18836.0
25514.0;10132.0;12537.0;0.3971153092419848;0.4913772830602806;1.2817241032854416;1.2658670664667666;1.3221894115165578;0.0030610152463314837;1.0;9.92747164954224;5.910759213497343;4.420344942721656;4.731064230170627;5.913160639624127;6.971045025675848;19906.0
29434.0;11293.0;15335.0;0.38367194401032817;0.5209961269280424;1.3438341779664886;1.3023872679045092;1.40533357771261;0.004041860233859741;0.0;5.910759213497343;4.420344942721656;2.2286751799563262;5.913160639624127;6.971045025675848;8.513766425619158;21903.0
16937.0;6907.0;8178.0;0.40780539646926844;0.4828482021609494;1.3412258473234082;1.346656268278417;1.3614116863659065;0.0011756310282452305;0.0;15.345625548304284;12.415800911614184;9.142847752581131;10.365929770165335;10.591941217265134;10.955905941545865;12628.0
14007.0;5364.0;7241.0;0.3829513814521311;0.5169558078103805;1.372831520141135;1.406397482957525;1.3740037950664137;0.002219927677361808;0.0;37.42553113375791;18.188556423316044;6.944526478535593;3.775144864770093;3.8551102448568177;4.539737740222446;10203.0
18474.0;7228.0;9590.0;0.3912525711811194;0.5191079354768864;1.4401309635173059;1.4543259557344064;1.450612615338073;0.0026788335492817375;0.0;18.188556423316044;6.944526478535593;5.3048248859258536;3.8551102448568177;4.539737740222446;5.246114633707502;12828.0
7049.0;2769.0;3813.0;0.3928216768335934;0.5409277911760534;1.4174542529660166;1.4192721681189133;1.4454131918119788;0.0007160971312195663;0.0;46.48106298078827;29.017975232580056;12.534971121905826;2.405202694161139;2.443742007659565;2.619637379485947;4973.0
4598.0;1850.0;2448.0;0.4023488473249239;0.5324053936494128;1.4436420722135008;1.4788169464428458;1.439153439153439;0.0008464817057629591;0.0;61.72333883633924;27.01942138160936;19.846118786226494;2.657389461482829;2.5825133107110987;2.539561970104293;3185.0
4322.0;1756.0;2250.0;0.4062933826931976;0.5205923183711245;1.3221168553074334;1.353893600616808;1.3204225352112675;0.0006514125339782177;0.0;47.64516509466476;19.343177199538047;12.604585095310654;1.497654416078689;1.5074813431681335;1.5809411753762377;3269.0
5685.0;2242.0;3080.0;0.3943711521547933;0.5417766051011433;1.4381482418416394;1.41808981657179;1.4521452145214522;0.000912338199560191;0.0;41.57003508358458;20.233071353223156;10.310395261412792;1.4436823577227784;1.4671400751121206;1.5188400179084034;3953.0
7358.0;2942.0;4006.0;0.39983691220440337;0.5444414243000816;1.4816753926701571;1.494159471813103;1.4798670114517916;0.0011733379314052793;0.0;20.233071353223156;10.310395261412792;7.966301449317299;1.4671400751121206;1.5188400179084034;1.626873919515584;4966.0
59063.0;20637.0;28059.0;0.34940656587034186;0.4750689941249175;1.18126;1.167779538252603;1.2290407358738502;0.011388593727270604;1.0;19.088002164805303;7.721920296634593;3.2892647265597788;15.715015709505352;16.356287017535486;19.404348739393445;50000.0
59486.0;21889.0;28157.0;0.3679689338667922;0.4733382644655885;1.18972;1.1876186859096087;1.2317147856517936;0.007978466740848445;0.0;3.2892647265597788;11.28352471468922;8.224281200820101;19.404348739393445;20.93957079311799;22.659779897430603;50000.0
24041.0;9037.0;11948.0;0.3758995050122707;0.4969843184559711;1.2535718010220043;1.2488944168048646;1.2771779796900053;0.004130187074727612;1.0;28.05274240360936;14.013831229357166;8.928997578953513;7.823202668984104;8.698419396649026;10.05835318280284;19178.0
23761.0;9610.0;11686.0;0.4044442573965742;0.49181431757922645;1.2648248695837325;1.243369129253461;1.2985887320813423;0.002627708002431476;1.0;8.713432834879399;8.713432834879399;4.176311340539797;11.171839597846006;12.082599834058897;13.227362737900553;18786.0
23311.0;9568.0;11345.0;0.4104500021449101;0.48668010810347045;1.3162619988706945;1.3206349206349206;1.3236495158091237;0.0018405364327093879;1.0;8.713432834879399;4.176311340539797;3.6120659196903935;12.082599834058897;13.227362737900553;14.258791147919938;17710.0
26263.0;10791.0;12893.0;0.4108822297528843;0.49091878307885617;1.351603108434975;1.3823981552651807;1.3388369678089305;0.0030915504925116163;1.0;4.176311340539797;3.6120659196903935;1.7500649452179573;13.227362737900553;14.258791147919938;15.383148247351713;19431.0
31315.0;13087.0;15390.0;0.4179147373463197;0.4914577678428868;1.382072557154206;1.374107517849643;1.407536125845985;0.004279874555739652;1.0;3.6120659196903935;1.7500649452179573;1.1835369512325968;14.258791147919938;15.383148247351713;16.564697967364207;22658.0
30555.0;12369.0;15350.0;0.4048109965635739;0.5023727704140075;1.3305608778958369;1.3081967213114754;1.366874443455031;0.004217487609593459;1.0;1.7500649452179573;1.1835369512325968;0.6366187497192755;15.383148247351713;16.564697967364207;17.95315083766635;22964.0
31998.0;13324.0;15480.0;0.4164010250640665;0.48378023626476657;1.27986880524779;1.267503805175038;1.3059984813971146;0.0038934540296982224;0.0;1.1835369512325968;0.6366187497192755;0.4384248133831647;16.564697967364207;17.95315083766635;18.28846545640175;25001.0
22181.0;9303.0;10095.0;0.41941301113565665;0.4551192462017042;1.1952901869914319;1.1914702868852458;1.2101414528889956;0.0025131891859554176;1.0;27.329551220763065;55.70205696234846;25.654006321863875;3.618183245774045;3.5718298881665684;3.9679182199233898;18557.0
31599.0;12289.0;16616.0;0.3889047121744359;0.5258394252982689;1.3579870213588896;1.287615255658005;1.445875391576749;0.0033773353304381985;0.0;25.654006321863875;20.40143071506405;10.618220698186462;3.9679182199233898;4.494632215209605;5.4808758424178885;23269.0
28853.0;11304.0;15275.0;0.39177901777978025;0.5294076872422279;1.4111116545214457;1.3188659432971648;1.5171831545490664;0.0023194654024175487;0.0;20.40143071506405;10.618220698186462;9.937454674133193;4.494632215209605;5.4808758424178885;6.289674077406556;20447.0
128522.0;58492.0;64459.0;0.45511274334355206;0.5015405922721402;2.5732190766027307;2.640960809102402;2.525328109696376;0.003382501394151147;1.0;34.19211672490712;14.629301068450031;9.200682083325134;6.833328252030631;6.832310645016075;7.159783516280363;49946.0
20468.0;7749.0;10993.0;0.37859097127222985;0.5370822747703733;1.3598192931171937;1.3210023866348448;1.420467760692596;0.002623598675717129;1.0;10.348184190841124;28.0934542503293;15.930824277086288;3.691438574593921;3.8950890554645863;4.340416886659621;15052.0
20977.0;8440.0;10807.0;0.4023454259426991;0.5151832959908471;1.3610822735530754;1.3435211716014008;1.3986023036107156;0.0026254559349025938;1.0;28.0934542503293;15.930824277086288;10.584629287992712;3.8950890554645863;4.340416886659621;5.132905488122687;15412.0
19823.0;7863.0;10407.0;0.39666044493769864;0.5249962165161681;1.3938264660385318;1.383356790992259;1.42172131147541;0.0028242704393680058;1.0;15.930824277086288;10.584629287992712;8.456263309596153;4.340416886659621;5.132905488122687;5.908891605030507;14222.0
23673.0;9930.0;11833.0;0.4194652135344063;0.4998521522409496;1.38446692789052;1.3995771670190276;1.3851106168793164;0.002761001272810676;1.0;10.584629287992712;8.456263309596153;5.136428932254262;5.132905488122687;5.908891605030507;6.934278531325376;17099.0
16342.0;7175.0;7458.0;0.4390527475217232;0.45637008934035;1.2865690442450008;1.2900035958288385;1.3054437248380886;0.0016449388572522992;1.0;4.762488954862107;31.097561076687956;17.566210798034717;7.71743156756184;8.20040966964456;8.875695395291572;12702.0
18515.0;7500.0;9175.0;0.4050769646232784;0.4955441533891439;1.3277160272499104;1.3323858589447504;1.3409821689564454;0.0018435882904446765;0.0;25.08836111786522;46.89485547809835;18.02934624070041;9.35430215195126;9.69281305916915;10.293285129150949;13945.0
24957.0;10331.0;12744.0;0.4139519974355892;0.5106382978723404;1.4724762522862707;1.5000726005517642;1.4820327945109897;0.0030970685349760085;0.0;16.027274158999717;11.515067117602952;5.48864795232106;2.264225861083651;2.532168043396805;3.087879531328902;16949.0
15879.0;5764.0;9054.0;0.36299515082813777;0.5701870394861137;1.6410706903679206;1.5469672571121846;1.7611359657654153;0.0018494535600202763;1.0;7.039643726855388;15.565103993478544;4.307182693134379;2.20935510952857;2.4216149053885507;3.1676834990257468;9676.0
19352.0;7238.0;10842.0;0.3740181893344357;0.5602521703183133;1.648381601362862;1.5793148592624917;1.7430868167202573;0.0023793429257378835;1.0;15.565103993478544;4.307182693134379;2.741664432248712;2.4216149053885507;3.1676834990257468;4.042952974003037;11740.0
14819.0;7249.0;6385.0;0.4891693096700182;0.43086578041703216;1.5457390215917388;1.6055370985603543;1.5184304399524375;0.0010584717451624663;1.0;2.1543800765077634;35.37692995192576;20.0553343038669;4.789245765253648;5.102863779290997;5.59737661766653;9587.0
14940.0;6866.0;6856.0;0.45957161981258365;0.4589022757697456;1.5069598547508574;1.5322472662352153;1.501533070521244;0.0017867555170326904;1.0;35.37692995192576;20.0553343038669;15.138137727456195;5.102863779290997;5.59737661766653;6.089642846670073;9914.0
11990.0;4942.0;5903.0;0.4121768140116764;0.49232693911592995;1.4506957047791893;1.475223880597015;1.4373021670318968;0.001787535696344101;0.0;20.0553343038669;15.138137727456195;11.06773297582427;5.59737661766653;6.089642846670073;6.545740504327988;8265.0
13973.0;5535.0;7190.0;0.39612109067487294;0.514563801617405;1.4608468374281234;1.474034620505992;1.4572355087150386;0.0011921401095397908;0.0;15.138137727456195;11.06773297582427;8.28357935537295;6.089642846670073;6.545740504327988;6.944635969581126;9565.0
9498.0;3968.0;4764.0;0.41777216256053906;0.5015792798483891;1.5216276834347966;1.5733544805709754;1.5254562920268973;0.0014573876539619355;0.0;63.00317743219642;29.45010978451361;15.601859705273185;5.608294638301379;5.149878639346757;4.736098077531757;6242.0
9293.0;4323.0;4292.0;0.46518885182395353;0.46185300764015924;1.6939482318629238;1.8325561678677407;1.6171816126601357;0.0007293470250815197;0.0;32.598579942494766;26.50718781284944;15.585793880858049;1.8396246220357024;1.8897751188964256;2.0757528754647074;5486.0
10414.0;4522.0;5212.0;0.4342231611292491;0.5004801229114654;1.566957568462233;1.567417677642981;1.5875723423697838;0.0013272821171591684;0.0;10.882215243798116;6.424545924152952;4.914656962936178;4.2865341477702;4.403744855234009;4.437394364939857;6646.0
18654.0;7657.0;9702.0;0.41047496515492654;0.5201029269861692;1.6825110489762785;1.7856809701492538;1.6341586659929257;0.0019261403131601033;0.0;9.566365238820993;8.824532451033235;3.357295342382187;2.574484171635164;1.8354154842977648;2.1716928880484;11087.0
22417.0;9328.0;11657.0;0.41611277155730025;0.5200071374403354;1.7171198774415932;1.804255319148936;1.6726933562921509;0.001661162592207439;0.0;8.824532451033235;3.357295342382187;2.799750274105108;1.8354154842977648;2.1716928880484;2.5276903983676484;13055.0
25274.0;10196.0;12827.0;0.40341853287963914;0.5075176070269842;1.5912610967701315;1.6519766688269604;1.5765732546705997;0.0024886737473636626;0.0;8.673915194128966;8.673915194128966;4.058514915601123;3.4618230385159783;3.9980268570883815;4.976366018491807;15883.0
18395.0;7246.0;9213.0;0.3939113889643925;0.5008426202772492;1.4418404138579715;1.4585346215780999;1.4626131131925701;0.0023653635375925157;0.0;18.302373460858647;12.279018034897376;7.405006737309222;5.204730420492497;5.415313933651493;5.636100158797748;12758.0
24518.0;9834.0;12437.0;0.40109307447589526;0.5072599722652745;1.542594689820058;1.5631855030996662;1.5569604406609916;0.002491582463608047;0.0;12.279018034897376;7.405006737309222;4.641452216029535;5.415313933651493;5.636100158797748;5.9358418737361935;15894.0
11137.0;4478.0;5806.0;0.4020831462691928;0.5213253120229865;1.4248976458546572;1.4595827900912646;1.4136839542244948;0.002057167889131661;1.0;35.89944499679807;24.086905538002625;5.214183590525323;1.9646882704388504;2.024035264020862;2.589642832515712;7816.0
18954.0;8301.0;9552.0;0.4379550490661602;0.5039569484013928;1.553351909523029;1.6109062681932855;1.5364323628759853;0.002497578411261348;1.0;14.363925753324096;11.13834786732518;3.686913733425783;3.023114081539101;3.485572944294811;4.570010940905941;12202.0
22988.0;10367.0;11214.0;0.4509744214372716;0.4878197320341047;1.553138301466117;1.612035453273208;1.5386937431394072;0.0028737841243820414;1.0;11.13834786732518;3.686913733425783;2.67884658996617;3.485572944294811;4.570010940905941;5.596804333724737;14801.0
26177.0;11857.0;12579.0;0.45295488405852463;0.48053634870305995;1.5542690891818074;1.6291563616378126;1.5249121105588557;0.003000050210138522;1.0;3.686913733425783;2.67884658996617;1.840251369429723;4.570010940905941;5.596804333724737;6.621272536302972;16842.0
21460.0;10081.0;9707.0;0.46975768872320595;0.4523299161230196;1.5534964528738961;1.6096120070253872;1.543979640528074;0.0016262221093291207;1.0;2.67884658996617;1.840251369429723;1.5492600059350536;5.596804333724737;6.621272536302972;7.39653635156348;13814.0
22301.0;9505.0;11045.0;0.4262140711178871;0.4952692704363033;1.5309260657650854;1.5886678923616915;1.5192572214580469;0.002942010855260284;0.0;1.840251369429723;1.5492600059350536;0.5956345268070748;6.621272536302972;7.39653635156348;8.743024004885267;14567.0
33046.0;13425.0;17515.0;0.40625189130303213;0.5300187617260788;1.6195050232786081;1.5891335227272727;1.68900675024108;0.003760842776513216;1.0;1.5492600059350536;0.5956345268070748;0.4223287825364821;7.39653635156348;8.743024004885267;9.97599462459759;20405.0
32739.0;14761.0;15347.0;0.4508689941659794;0.46876813586242705;1.4385710519377801;1.4491458865108973;1.4588403041825095;0.0036993241668372436;1.0;44.68336293371427;34.29110991124918;16.202855513657028;10.32581715894679;10.74345731131278;11.58891577111509;22758.0
36733.0;15606.0;17779.0;0.4248495902866632;0.48400620695287616;1.3985532076908433;1.4139711878227779;1.4166533864541833;0.004580976474302728;0.0;34.29110991124918;16.202855513657028;12.261515519269151;10.74345731131278;11.58891577111509;12.407658925034973;26265.0
30298.0;12057.0;13834.0;0.39794705921182916;0.45659779523400884;1.2293272742027104;1.2342102569352031;1.2429469901168015;0.0038329977841949935;1.0;62.95265025516622;34.214078386816;21.55974533901036;12.764275096925791;12.634989859513146;12.588008927149676;24646.0
27069.0;11144.0;12110.0;0.4116886475303853;0.4473752262735971;1.2014113887532734;1.2251539138082674;1.208100558659218;0.003272161099900496;1.0;51.13402865198659;36.51862800824977;23.23584299639253;10.806674731387082;10.01714155834887;9.223771937228282;22531.0
23706.0;9358.0;10915.0;0.3947523833628617;0.4604319581540538;1.2357816816973362;1.2586415601882985;1.243874643874644;0.0027704831049690515;1.0;36.51862800824977;23.23584299639253;17.327335899970876;10.01714155834887;9.223771937228282;8.922968956574937;19183.0
29148.0;11806.0;14039.0;0.405036366131467;0.4816453959105256;1.3321146199899456;1.340220229310932;1.356949545718152;0.003151438303998077;0.0;17.327335899970876;46.10636332865244;20.32811430487243;8.922968956574937;8.296083413274001;8.324624616161381;21881.0
12677.0;4784.0;6434.0;0.37737635087165733;0.5075333280744656;1.3205208333333334;1.302123026673925;1.3508293092588706;0.002013744369062392;1.0;15.299898345721148;4.150858457251744;2.5550030098851835;2.35464965546894;2.8061038380644434;3.3048023768449446;9600.0
13197.0;5382.0;6807.0;0.40781995908160945;0.515799045237554;1.4725507699174292;1.5250779257580052;1.4740147249891729;0.0016375039537886169;0.0;2.5550030098851835;2.233054631497623;1.3439692599900468;3.3048023768449446;3.517345412381331;3.8114957693797855;8962.0
6788.0;2445.0;3663.0;0.3601944608131998;0.539628756629346;1.3850234645990613;1.382136800452233;1.421420256111758;0.0013859090497539575;0.0;19.746161882910545;15.433783761957969;2.7628389176603605;1.015197025212348;1.015197025212348;1.5301143748099355;4901.0
10248.0;3629.0;5915.0;0.35411787665886024;0.5771857923497268;1.5041831792162044;1.4897372742200328;1.5221307256819352;0.0022685011199884927;0.0;16.75980423005666;10.761154860506808;6.090177845219884;1.5630499032340588;1.7164643893771874;2.1069453599939414;6813.0
6935.0;2638.0;3677.0;0.38038932948810383;0.5302090843547225;1.5043383947939262;1.5057077625570776;1.5410729253981559;0.0015132811760131474;0.0;34.17841111248977;20.152324503265447;10.824137519439065;4.184401838972925;4.200446404847942;4.280971706283517;4610.0
18763.0;7105.0;9640.0;0.3786707882534776;0.5137771145339232;1.415648106232081;1.4649484536082473;1.399738638013649;0.002268911846295345;1.0;7.1649859242086364;11.2042804333647;7.360943601664246;2.7967335858104176;3.077234960154976;3.5500660205128582;13254.0
17786.0;7062.0;9022.0;0.3970538625885528;0.5072528955358147;1.4710114961541643;1.5239533880017264;1.4582188459673509;0.0018286128071558333;1.0;11.2042804333647;7.360943601664246;4.860197295162692;3.077234960154976;3.5500660205128582;4.089983954736252;12091.0
15963.0;5980.0;8157.0;0.37461630019419906;0.5109941740274384;1.3598262202913365;1.368421052631579;1.3860662701784197;0.0023353264533602226;0.0;49.70926591695951;23.267608581084048;11.886590284091255;4.323970253135421;4.600339661372843;5.283509132196139;11739.0
12819.0;4600.0;6569.0;0.35884234339652077;0.512442468211249;1.477353924167339;1.4388489208633093;1.4851910468008138;0.0015794403947117838;0.0;31.13232706440958;21.837729779619902;15.0831073886756;4.139199046917168;4.422668877499197;4.783614611358235;8677.0
16837.0;5894.0;9195.0;0.3500623626536794;0.5461186672210013;1.638796963208098;1.6029371770465053;1.6618470992228447;0.0015800937980835507;0.0;21.837729779619902;15.0831073886756;11.51989250223292;4.422668877499197;4.783614611358235;5.098161433301224;10274.0
12277.0;4456.0;6869.0;0.36295511932882624;0.559501506882789;1.5839246548832409;1.6139080043462513;1.6007923560941506;0.002338961768222376;1.0;58.28141587019623;36.95281250020964;13.96123689540731;2.8168022649806286;2.973213749463701;3.683663258225431;7751.0
19045.0;6651.0;11209.0;0.34922551850879496;0.5885534260960882;1.5969310749622674;1.579059829059829;1.6442716737567844;0.0035433574582070223;1.0;36.95281250020964;13.96123689540731;9.778462012984107;2.973213749463701;3.683663258225431;4.414093196795918;11926.0
7154.0;2728.0;3565.0;0.3813251327928432;0.49832261671792005;1.4561367799715041;1.4410987849973587;1.5048543689320388;0.0007605187616170479;0.0;25.382181179719296;20.60738717379394;10.367928504920854;6.25549758212726;6.186729750037575;5.972332040333994;4913.0
16567.0;6336.0;9151.0;0.3824470332588881;0.5523631315265286;1.4519719544259422;1.4364089775561097;1.4819433198380567;0.0016870052923514131;0.0;9.01771594397792;7.63128903886458;2.919033618810559;2.022181680759669;2.301460134349496;2.927536293541038;11410.0
9839.0;4069.0;5156.0;0.41355828844394754;0.5240369956296371;1.5672188595093979;1.735181236673774;1.4824611845888442;0.0009379316625799359;1.0;8.491918842616897;7.391192580541642;3.1305153714873484;1.5858751527153705;1.7755280904564703;2.1219095173922944;6278.0
14058.0;5535.0;7703.0;0.39372599231754163;0.5479442310428226;1.6090191141123955;1.736198243412798;1.5517727639000807;0.001563903823849205;0.0;7.391192580541642;3.1305153714873484;1.6788486522141852;1.7755280904564703;2.1219095173922944;2.595037331138032;8737.0
23770.0;9836.0;12369.0;0.4137989061842659;0.5203618005889777;1.45578147966683;1.470913713174817;1.4538081805359662;0.004007554601221027;0.0;44.285061494745655;73.52012311590526;5.740921064310314;0.6689544080129827;0.6859072459159474;2.402472684548151;16328.0
7186.0;2911.0;3850.0;0.40509323684942944;0.5357639855274144;1.6968122786304605;1.7224852071005916;1.6885964912280702;0.0008791450599728472;1.0;44.83893759125461;23.349970776886167;11.922400193461584;1.5101738310538957;1.6013178166747537;1.7419457511644845;4235.0
8565.0;3541.0;4602.0;0.41342673671920604;0.5373029772329246;1.6997420123040285;1.7634462151394423;1.6807888970051132;0.0008794415923614815;1.0;11.922400193461584;8.721241808021517;3.949394702199811;1.7419457511644845;1.9090246200612495;2.186999942844078;5039.0
14693.0;6290.0;7764.0;0.42809501122983734;0.5284148914449057;1.7625959692898272;1.862048549437537;1.7238010657193605;0.0016971691023017403;0.0;8.721241808021517;3.949394702199811;1.1876460500507449;1.9090246200612495;2.186999942844078;2.869532845255478;8336.0
10191.0;4132.0;5558.0;0.4054557943283289;0.5453831812383476;1.6917330677290836;1.7412557943531395;1.6898753420492552;0.0009439474083817349;0.0;26.272350011362462;23.13982693455928;11.161975366789534;3.5313550869319257;3.392339716184096;3.335416016031584;6024.0
8062.0;3129.0;4491.0;0.38811709253287024;0.5570578020342347;1.8473877176901925;1.9231714812538414;1.813080339119903;0.0010704758144366798;0.0;42.88891540121974;25.384721839997468;11.41201377502948;1.3074306864992882;1.2725466592624417;1.464368464560747;4364.0
6707.0;2708.0;3701.0;0.4037572685254212;0.5518115401818995;1.8151556156968878;1.7403598971722365;1.9206019719771665;0.0007558346419949331;0.0;47.29521019980847;22.849009981239817;8.133929368616606;0.9829801625668748;1.0325938214031694;1.2361103308362085;3695.0
10431.0;4505.0;5412.0;0.4318857252420669;0.5188380788035662;1.897580498453702;2.0057880676758684;1.8228359717076457;0.0010718144590751457;0.0;14.807105587708977;33.52910295186608;6.765790588825368;1.6937384685954322;1.711906831576999;1.9469527472437536;5497.0
11683.0;5082.0;6068.0;0.43499101258238465;0.5193871437130874;1.8938239585021883;2.0190703218116806;1.8070279928528887;0.001009102605637592;0.0;6.765790588825368;22.275863609263126;13.718057573831729;1.9469527472437536;2.0294703742602405;2.226825094164335;6169.0
6868.0;3046.0;3493.0;0.4435061153174141;0.5085905649388468;1.770103092783505;1.7959905660377358;1.761472516389309;0.0006308339232633129;0.0;13.718057573831729;29.88083144551585;19.130156023434665;2.226825094164335;2.275240371916778;2.345074625678253;3880.0
8196.0;3526.0;4298.0;0.43020985846754517;0.5244021473889702;1.968299711815562;2.1698461538461538;1.8414738646101114;0.0007571601777750516;0.0;30.773590862490096;19.871606835886723;9.633350685963222;2.0409480027673417;2.022374841615669;2.1131655756234533;4164.0
11996.0;4485.0;6835.0;0.3738746248749583;0.5697732577525843;1.4549423893268647;1.50503355704698;1.4398567516326102;0.001803181643328069;1.0;15.559655040776365;10.74064061319372;3.611009377659244;1.2361103308362085;1.433745095893967;2.139801392653066;8245.0
16359.0;6586.0;8874.0;0.40259184546732685;0.5424536952136438;1.471662468513854;1.5119375573921028;1.4636318654131617;0.0021151451948924994;0.0;10.74064061319372;3.611009377659244;2.793055537415597;1.433745095893967;2.139801392653066;2.814471531211499;11116.0
10617.0;4647.0;5239.0;0.43769426391636057;0.49345389469718376;1.5033984706881902;1.5811500510377678;1.4560867148415786;0.0008716263819374977;0.0;10.613909881975005;9.65734252280052;5.762379807005132;3.657932305278489;3.990829331104;4.293818230898928;7062.0
9586.0;3730.0;5059.0;0.38910911746296684;0.5277488003338201;1.7692875599852345;1.825746451297112;1.7079675894665767;0.0012462340694862671;0.0;34.206186824063124;34.206186824063124;6.897924857370228;1.8634645153584224;1.5887790123236143;1.5286329677198514;5418.0
5423.0;2354.0;2734.0;0.4340770791075051;0.504148995021206;1.5705183898059658;1.5991847826086956;1.575792507204611;0.0006859870860759286;0.0;41.38855491117124;34.47573325788747;22.96747505367638;1.874833325925268;1.9931131427994744;2.170829334609241;3453.0
11058.0;4273.0;6042.0;0.3864170736118647;0.5463917525773195;1.551129190629822;1.5680733944954128;1.5584214598916688;0.0014978255896361983;0.0;12.294627678278417;10.419750161702057;7.149120393853039;1.9356442725872955;2.2097440462641824;2.5279376475696544;7129.0
9988.0;3991.0;5459.0;0.39957949539447335;0.5465558670404486;1.5724181360201512;1.5535227715064228;1.6218062982768866;0.0013738398493463643;1.0;34.2405341126273;17.669406013312965;5.826407359565678;2.8638643036987625;3.045591075637043;3.520719919277874;6352.0
13927.0;5077.0;8140.0;0.3645436921088533;0.5844761973145688;1.5991503042829258;1.5352283035984275;1.6694011484823625;0.0018743326227675494;1.0;17.669406013312965;5.826407359565678;3.877316017441146;3.045591075637043;3.520719919277874;4.076916727135839;8709.0
13098.0;4990.0;7388.0;0.38097419453351655;0.5640555810047335;1.626676602086438;1.5831218274111676;1.6741445728529345;0.001250286951103532;1.0;3.877316017441146;3.191066989945071;2.521613606253297;4.076916727135839;4.485671633100221;4.727099401324242;8052.0
10168.0;4076.0;5433.0;0.4008654602675059;0.5343233674272226;1.5715610510046367;1.5725308641975309;1.5756960556844548;0.0008128821535526174;0.0;3.191066989945071;2.521613606253297;1.7763100563868193;4.485671633100221;4.727099401324242;4.89085562555265;6470.0
11188.0;4261.0;6206.0;0.3808544869503039;0.5547014658562746;1.5634432643935159;1.5427226647356989;1.5835672365399336;0.0011884787802028058;0.0;2.521613606253297;1.7763100563868193;1.0668376561770856;4.727099401324242;4.89085562555265;5.097548430373173;7156.0
8923.0;3837.0;4423.0;0.4300123276924801;0.49568530763196234;1.6103591409492872;1.621039290240811;1.603698332124728;0.0012516036948804778;1.0;70.9251491614438;28.92647670179249;21.864412239613145;2.5179356624028344;2.6472568349142103;2.8509592683866947;5541.0
10766.0;4340.0;5697.0;0.40312093628088425;0.5291658926249303;1.6903752551420945;1.6679477325134513;1.72375189107413;0.0011269015689884302;0.0;21.864412239613145;42.80840948515571;23.727868834413783;2.8509592683866947;2.9713212549302037;3.215659924494504;6369.0
8195.0;2830.0;4846.0;0.34533251982916413;0.5913361805979256;1.7058701082431307;1.6637272192827748;1.7666788188115203;0.0013780289960832934;0.0;36.80826373759521;30.540023666715385;13.411171364252992;1.8191258202774208;1.7650690496408352;1.899835519196333;4804.0
19448.0;8283.0;9270.0;0.4259049773755656;0.47665569724393253;1.4093774911225452;1.4455497382198952;1.3996678242488299;0.0015714544160807243;1.0;24.61247602908001;31.22647422429759;10.49982381460424;5.085580104570176;4.694478139261061;4.915600166815849;13799.0
18562.0;7601.0;9300.0;0.4094925115828036;0.5010235965951945;1.385947883222579;1.396985848189671;1.4041974935829684;0.0021380704884130033;1.0;31.22647422429759;10.49982381460424;8.756232453615311;4.694478139261061;4.915600166815849;5.196919159463615;13393.0
16725.0;6700.0;8622.0;0.40059790732436473;0.5155156950672646;1.3989962358845671;1.433461703038083;1.3960492227979275;0.0009439427547423167;1.0;8.756232453615311;5.844590182861211;4.128547649985492;5.196919159463615;5.612263358040142;6.12352022941053;11955.0
18212.0;7513.0;9151.0;0.41253019986821876;0.5024708983088074;1.4355982973356456;1.492451330949543;1.417221619947344;0.0013220247711095182;1.0;5.844590182861211;4.128547649985492;3.0529040735868307;5.612263358040142;6.12352022941053;6.629609245649398;12686.0
20925.0;8704.0;10623.0;0.4159617682198327;0.5076702508960573;1.4695554463094318;1.5326642014439162;1.450634985661614;0.002015463193360256;0.0;4.128547649985492;3.0529040735868307;1.1473072607888355;6.12352022941053;6.629609245649398;7.349957482870224;14239.0
16725.0;6329.0;9220.0;0.3784155455904335;0.5512705530642751;1.4965103793843952;1.5112225405921682;1.51246719160105;0.002268762957414754;1.0;36.032227773012885;19.97255758978413;12.910516836021516;1.816762229902416;1.8589311445021304;2.0440080112367465;11176.0
18359.0;8131.0;8951.0;0.4428890462443488;0.48755378833269786;1.554661698704378;1.5431770734484722;1.5893110795454546;0.002271699768075273;1.0;59.469212051165904;34.0653872028188;17.85632396633028;2.88682351382969;3.0917986270130857;3.6727671788448553;11809.0
18582.0;8025.0;9221.0;0.4318695511785599;0.4962329135722742;1.523739237392374;1.5531256047996904;1.5304564315352698;0.0015156204761631292;0.0;17.85632396633028;27.04519357252229;18.68467130155861;3.6727671788448553;3.997733733004239;4.330325478529298;12195.0
23085.0;10275.0;11346.0;0.44509421702404156;0.49148797920727744;1.6515238231506653;1.6498073217726397;1.6987572989968558;0.0018322794636924222;0.0;27.04519357252229;18.68467130155861;16.743672359161764;3.997733733004239;4.330325478529298;4.686483223057562;13978.0
16624.0;6261.0;8816.0;0.3766241578440808;0.5303176130895092;1.4938892882818116;1.5739064856711915;1.4488085456039441;0.0020855200307269253;0.0;29.43052542178484;35.517535277667875;15.05921420842165;1.6245672500699997;1.601317816674754;2.139618832876548;11128.0
15851.0;5586.0;9079.0;0.35240678821525456;0.5727714339789288;1.5756461232604373;1.6153846153846154;1.571576943050026;0.00253019316157325;1.0;26.1499412444082;7.25463060377092;2.50439385174559;1.5212556491267335;1.8531645231872969;2.88032116264836;10060.0
20884.0;7936.0;11534.0;0.3800038306837771;0.5522888335567899;1.6046100653092585;1.656093489148581;1.598835597449404;0.0026580741573659842;0.0;7.25463060377092;2.50439385174559;2.196236660178755;1.8531645231872969;2.88032116264836;3.597742347639697;13015.0
13385.0;5753.0;6577.0;0.4298094882330967;0.49137093761673517;1.5989726436506988;1.6441840525864533;1.592493946731235;0.0009501074669798214;0.0;2.196236660178755;21.51168095491427;13.508327790243754;3.597742347639697;4.017831349123554;4.590138886787632;8371.0
11977.0;4387.0;6593.0;0.36628538031226515;0.550471737496869;1.5656209150326796;1.5837545126353791;1.5799185238437574;0.0018369185454178544;0.0;41.91760410884368;23.895846614437403;13.756743557586844;0.7909646009778188;0.9250000000000002;1.3404173790278908;7650.0
8536.0;3474.0;4328.0;0.4069821930646673;0.507029053420806;1.3911342894393741;1.420278004905969;1.4157670919201832;0.0008875043134678789;1.0;46.9430705746195;34.48300824717923;24.66341997698241;1.806714905567561;1.855523847866149;2.005110657794228;6136.0
10408.0;4226.0;5408.0;0.4060338201383551;0.5196003074558032;1.4232189252016956;1.4901269393511989;1.4134866701515945;0.0011413257435700284;1.0;34.48300824717923;24.66341997698241;12.576414027032442;1.855523847866149;2.005110657794228;2.2919355902817165;7313.0
14004.0;5805.0;7388.0;0.41452442159383035;0.5275635532704941;1.616530070414406;1.66571018651363;1.6088850174216027;0.0015227482603257356;0.0;12.576414027032442;19.177936718545368;7.105523398097503;2.2919355902817165;2.529080860708095;3.018976440782538;8663.0
17259.0;7220.0;9056.0;0.41833246422156556;0.5247117445970219;1.7440379951495555;1.749454809789193;1.7659906396255851;0.0010790892664139086;0.0;7.105523398097503;38.21845652806096;23.475862785959208;3.018976440782538;3.179892883416044;3.462184101113053;9896.0
15526.0;7037.0;7420.0;0.4532397269096999;0.47790802524797116;1.8009511657580326;1.8358987738064179;1.7866602456055862;0.0008888626447390904;0.0;38.21845652806096;23.475862785959208;21.040930186325085;3.179892883416044;3.462184101113053;3.764534333752317;8621.0
8445.0;3340.0;4461.0;0.39550029603315573;0.5282415630550622;1.5137121347911813;1.444636678200692;1.5949231319270647;0.0011433137826623368;1.0;42.58704337035186;28.664042938666583;20.587303671081912;2.4374679485072206;2.19299310304433;2.0419047480232764;5579.0
13201.0;5617.0;6648.0;0.42549806832815695;0.5035982122566472;1.5843734997599617;1.6414377556984219;1.5847437425506556;0.001271425249316733;0.0;56.41359019775073;23.50637339279324;13.827401448738982;2.7877802549698925;2.808469333996724;3.0786309863314245;8332.0
8338.0;3413.0;4234.0;0.40933077476613094;0.507795634444711;1.5077757685352622;1.5464431354780244;1.5008862105636298;0.0008902946134599989;0.0;40.8766594630466;27.813330886300815;18.800810154857047;2.787556053248077;2.696612458252019;2.7681221071332818;5530.0
7877.0;2956.0;4387.0;0.37526977275612544;0.5569379205281199;1.518897030466641;1.4899193548387097;1.5667857142857142;0.0010181034213985348;1.0;39.50411098886926;23.53108638908093;14.647356074383652;1.149456393257265;1.2851921062627174;1.4958275301651591;5186.0
8868.0;3270.0;5046.0;0.36874154262516917;0.5690121786197564;1.5765333333333333;1.5460992907801419;1.6157540826128722;0.0009546932402875818;1.0;23.53108638908093;14.647356074383652;12.321481363375966;1.2851921062627174;1.4958275301651591;1.716236798929565;5625.0
10864.0;4306.0;5918.0;0.3963549337260677;0.5447349042709867;1.6334385806645617;1.6019345238095237;1.6661036036036037;0.0007638993560971232;1.0;14.647356074383652;12.321481363375966;9.07806400923316;1.4958275301651591;1.716236798929565;1.9931131427994744;6651.0
10294.0;4460.0;5180.0;0.43326209442393626;0.5032057509228677;1.6757284714308969;1.6766917293233083;1.6856492027334853;0.0008913452595319386;1.0;12.321481363375966;9.07806400923316;7.1863748383665325;1.716236798929565;1.9931131427994744;2.2664675157610352;6143.0
10146.0;4368.0;5199.0;0.43051448846836193;0.5124186871673566;1.7225806451612904;1.727164887307236;1.7411252511721367;0.0010824930633632605;1.0;9.07806400923316;7.1863748383665325;5.475039696769699;1.9931131427994744;2.2664675157610352;2.512966374625812;5890.0
10430.0;4318.0;5568.0;0.4139980824544583;0.5338446788111217;1.7208381455205413;1.7646097261953413;1.7217068645640075;0.0010191705929684081;0.0;7.1863748383665325;5.475039696769699;2.099793184964142;2.2664675157610352;2.512966374625812;2.9150471694296822;6061.0
11395.0;4923.0;5828.0;0.43203159280386133;0.5114523913997367;1.7004924638113714;1.6952479338842976;1.7288638386235538;0.0009557970830858815;0.0;2.099793184964142;39.43613731780408;21.224067244462745;2.9150471694296822;3.1008819309996314;3.4449918359845206;6701.0
11174.0;2227.0;4694.0;0.1993019509575801;0.42008233398961875;1.3951804220252215;1.3319377990430623;1.6976491862567813;0.0031871305031251013;0.0;10.484157203500118;8.186567511527059;4.597342513593759;6.527094970199222;7.4230531959565;8.565884367652881;8009.0
7492.0;1579.0;2195.0;0.21075814201815268;0.2929791777896423;1.1975703324808185;1.2403770620581305;1.2702546296296295;0.0026381407337184755;1.0;13.564804974719095;29.95148477705594;18.004646335791165;7.916162264633032;7.002187158309895;6.206548960573824;6256.0
11033.0;2666.0;4854.0;0.2416387202030273;0.4399528686667271;1.3836217707549536;1.3588175331294596;1.5164011246485474;0.0036847701189880997;1.0;55.275903644342726;23.91642050267906;13.414257288243675;4.395238901356786;4.643055971017366;5.267470930152345;7974.0
11704.0;2543.0;5506.0;0.21727614490772384;0.47043745727956254;1.3462157809983897;1.24412915851272;1.5147180192572214;0.0047329747685113535;1.0;23.91642050267906;13.414257288243675;8.687280630371689;4.643055971017366;5.267470930152345;6.354857885901148;8694.0
8700.0;2259.0;3273.0;0.2596551724137931;0.3762068965517241;1.2541444428427273;1.2634228187919463;1.4162700129813934;0.003448658237207004;1.0;8.687280630371689;17.830992198239613;10.40635988413679;6.354857885901148;6.908995495005044;8.026868941249758;6937.0
11812.0;3092.0;3810.0;0.26176769387064003;0.3225533355909245;1.2328566955432627;1.3118370810352142;1.3070325900514579;0.0045620479874628455;1.0;33.82273463975376;29.90117935709516;12.503983356159026;7.540836740707226;7.070393818593133;7.260886223457848;9581.0
12339.0;3375.0;4215.0;0.2735229759299781;0.34159980549477265;1.2414729852097797;1.3527054108216432;1.3114499066583696;0.005246053355712454;0.0;29.90117935709516;12.503983356159026;6.397360578920043;7.070393818593133;7.260886223457848;7.6921632197971475;9939.0
5682.0;1407.0;2072.0;0.24762407602956704;0.3646603308694122;1.1624386252045826;1.1994884910485935;1.2046511627906977;0.003647878298951717;1.0;12.958502989650114;5.848783518122389;2.154613027128505;3.888203312585391;3.9740564917977697;4.818000103777501;4888.0
7551.0;1781.0;2997.0;0.23586279962918819;0.39690107270560193;1.1895085066162572;1.2090970807875085;1.251356993736952;0.004953171201441007;1.0;5.848783518122389;2.154613027128505;0.8969399907635989;3.9740564917977697;4.818000103777501;6.810882835580127;6348.0
8822.0;2346.0;3578.0;0.2659260938562684;0.40557696667422355;1.277439907326962;1.2124031007751939;1.4592169657422511;0.0017998866706068002;0.0;0.8969399907635989;0.8374852582487335;0.4538849205007693;8.258556169210209;9.393814454203362;10.62087419895368;6906.0
7541.0;1976.0;2742.0;0.26203421296910223;0.36361225301684125;1.2069462227912933;1.2056131787675413;1.3428011753183153;0.002670051265194983;0.0;0.8374852582487335;0.4538849205007693;0.297552015976521;9.393814454203362;10.62087419895368;11.771648939294783;6248.0
8607.0;1967.0;3368.0;0.22853491344254676;0.3913093993261299;1.316860465116279;1.2378854625550662;1.5428309665597801;0.00453559872449832;0.0;24.03814504102489;9.759257003274456;5.457571708693237;3.644773655523756;3.8764311873164985;4.579505977722925;6536.0
5801.0;1325.0;1968.0;0.22840889501810033;0.3392518531287709;1.311849841700588;1.278957528957529;1.5315175097276266;0.003360617155157668;1.0;49.2361205550131;34.75282880237913;14.955690134379536;5.088344524499102;5.403977123378669;6.518195685924135;4422.0
7718.0;2458.0;2595.0;0.3184762891940917;0.33622700181394144;1.3984417466932415;1.5556962025316456;1.5017361111111112;0.0026820120864528797;0.0;19.9591039443192;19.9591039443192;8.234623961812588;8.120614200908697;8.789340134503842;9.836666101886353;5519.0
8875.0;1979.0;3438.0;0.22298591549295774;0.3873802816901408;1.303230543318649;1.2208513263417644;1.4799827808867843;0.002248676034199504;0.0;21.92504025344462;14.694234230142428;7.386301021968038;4.988408438570365;5.024875620351212;5.172281894869999;6810.0
10281.0;2331.0;5097.0;0.2267289174204844;0.4957688940764517;1.4809853068280034;1.2723799126637554;1.7896769662921348;0.0032492517816117626;0.0;34.209615959482974;19.32192651412853;9.064966598402876;3.2293575212416483;3.333049467079659;3.9956812623131;6942.0
11448.0;2786.0;5808.0;0.243361285814116;0.5073375262054507;1.5185037803422206;1.2640653357531761;1.8765751211631665;0.003188577847374707;0.0;19.32192651412853;9.064966598402876;8.075673687907425;3.333049467079659;3.9956812623131;4.618221383822998;7539.0
6104.0;1513.0;2056.0;0.247870249017038;0.33682830930537355;1.1595744680851063;1.124907063197026;1.3070565797838525;0.0025559651797814266;1.0;5.377242978886557;4.561877418599096;2.5399199005863693;7.4249894781070225;7.939566660089201;8.762803133130404;5264.0
6012.0;1397.0;2019.0;0.23236859614105124;0.33582834331337325;1.1371288065065255;1.0779320987654322;1.2540372670807454;0.00230273065924987;0.0;2.5399199005863693;29.372187709463816;13.428526043595229;8.762803133130404;9.08208229152324;9.501644594489946;5287.0
3592.0;601.0;1366.0;0.1673162583518931;0.38028953229398665;1.2782918149466191;1.1404174573055028;1.3418467583497053;0.0017283170754515077;0.0;11.725334049595446;6.732181869581382;3.635703571246083;4.0852440257590485;4.466874606478225;4.937405062378415;2810.0
3214.0;452.0;1297.0;0.14063472308649658;0.40354698195395144;1.1552839683680804;1.0917874396135265;1.3022088353413654;0.001536893099518478;0.0;23.81752046772796;13.50852145668432;6.843661803176786;2.67990205044886;2.436185543015967;2.556364606232844;2782.0
2728.0;480.0;700.0;0.17595307917888564;0.2565982404692082;1.1789109766637857;1.2371134020618557;1.2048192771084338;0.0010251920795272599;1.0;30.56255138864067;19.30273266995337;14.105866254176632;2.777026287236043;2.977414986191881;3.2131322335067383;2314.0
3862.0;754.0;1320.0;0.19523562920766444;0.34179181771103057;1.1861179361179361;1.156441717791411;1.2667946257197698;0.0020516292969402798;1.0;19.30273266995337;14.105866254176632;7.019202743665446;2.977414986191881;3.2131322335067383;3.590351654086268;3256.0
4706.0;934.0;1730.0;0.19847003824904377;0.36761580960475987;1.1989808917197453;1.1959026888604354;1.2968515742128937;0.0023734515200238898;0.0;14.105866254176632;7.019202743665446;3.294812125322551;3.2131322335067383;3.590351654086268;4.329603763625489;3925.0
2677.0;451.0;972.0;0.16847217033993275;0.36309301456854687;1.2146098003629764;1.0867469879518072;1.5702746365105007;0.001092153529246267;0.0;24.513585164026463;45.07765797722232;22.7582752352355;2.457736509473707;2.5498468091240305;2.792036667022838;2204.0
2786.0;521.0;1002.0;0.1870064608758076;0.3596554199569275;1.1987951807228916;1.1277056277056277;1.475699558173785;0.0014781710920817185;0.0;45.07765797722232;22.7582752352355;20.25148641425119;2.5498468091240305;2.792036667022838;3.0573681492420897;2324.0
1692.0;363.0;446.0;0.21453900709219859;0.2635933806146572;1.1857042747021724;1.1862745098039216;1.2458100558659218;0.0012218704031424239;1.0;53.87229838300946;39.50980813462721;17.96136056778799;2.712125550191215;2.618772374606086;2.8944721021284687;1427.0
2643.0;601.0;962.0;0.2273931138857359;0.3639803253878169;1.3051851851851852;1.27061310782241;1.5616883116883118;0.0016091345059084559;0.0;38.816940629319184;26.63090863520016;12.2313882006803;3.034669463055243;3.157802835833801;3.707762128292482;2025.0
14235.0;5926.0;6935.0;0.4162978573937478;0.48717948717948717;1.3119815668202766;1.3352861649391619;1.3242314302081344;0.0023764130541527977;1.0;9.314747792088797;9.314747792088797;4.776825160041213;5.489763200721868;6.02986059125748;6.759484077945594;10850.0
13180.0;5213.0;6563.0;0.3955235204855842;0.4979514415781487;1.2555968371915784;1.2582669563118514;1.2765998832911885;0.0026990182022384084;1.0;9.314747792088797;4.776825160041213;2.578502074279569;6.02986059125748;6.759484077945594;7.696346535857128;10497.0
16304.0;7562.0;7304.0;0.4638125613346418;0.4479882237487733;1.3910075932087707;1.4316546762589928;1.3760361718161267;0.001994067097333119;1.0;2.578502074279569;2.246231976987417;1.3145551747890067;7.696346535857128;8.511058982288866;9.126703608094216;11721.0
13965.0;5855.0;6868.0;0.4192624418188328;0.49180093089867527;1.32256842504025;1.3334092461853793;1.3289473684210527;0.0016741007658480176;1.0;23.070274125242705;17.337170258564754;8.184560634403923;9.442126349504122;9.625681794034124;9.998523328472062;10559.0
14275.0;6376.0;6623.0;0.44665499124343255;0.4639579684763573;1.4087634461659924;1.4213107445385644;1.4124546811686927;0.0013531812378810622;0.0;8.184560634403923;7.774149070459131;6.757580453215738;9.998523328472062;10.135025900312243;10.072200293381782;10133.0
17522.0;8256.0;7850.0;0.4711790891450748;0.4480082182399269;1.438824109049105;1.4458844133099824;1.4499445881049131;0.0012890293582998992;0.0;7.774149070459131;6.757580453215738;4.853579263264322;10.135025900312243;10.072200293381782;10.102745604537407;12178.0
18055.0;7571.0;8793.0;0.41932982553309334;0.4870119080587095;1.5197811447811447;1.5460486011843986;1.535358826610791;0.002127912521236178;0.0;70.58035214844334;34.52113963353371;19.54383889701259;2.585869051208897;2.3919134599729985;2.705780848479788;11880.0
17497.0;8242.0;7542.0;0.4710521803737784;0.43104532205520946;1.4527565592826304;1.5257312106627174;1.4300341296928327;0.001613059794964082;1.0;57.27717538493776;37.72305002703733;28.38022250743657;2.478532832140821;2.5103224394487658;2.8841159824112483;12044.0
20128.0;8066.0;10169.0;0.4007352941176471;0.505216613672496;1.4613039059096848;1.474049707602339;1.4819294666278053;0.0026470957059385072;0.0;37.72305002703733;28.38022250743657;17.091881238801435;2.5103224394487658;2.8841159824112483;3.6349862448157904;13774.0
18698.0;8708.0;8567.0;0.4657182586372874;0.4581773451706065;1.5786896318811212;1.641160949868074;1.5730811604847594;0.0009048024857251443;0.0;30.120677703542317;28.76459326924639;18.67514797910978;4.063769032560782;4.438661819738016;4.900430465785633;11844.0
9718.0;4063.0;4782.0;0.41809014200452765;0.49207655896274954;1.3565047459519821;1.387636612021858;1.3577512776831346;0.0012300732800730532;0.0;26.256730532250582;16.564160046813512;11.703726516405013;4.041870699317335;3.924183832340172;3.692898590538332;7164.0
8841.0;3677.0;4555.0;0.41590317837348717;0.5152132111752065;1.5002545392838962;1.5700256191289497;1.4764991896272286;0.0015543901195423729;1.0;19.91471881267114;28.53871351276473;10.277536773537264;3.5075588020730306;3.649721735968373;3.944517556051692;5893.0
8761.0;3689.0;4512.0;0.4210706540349275;0.5150097020888027;1.6028174167581413;1.643939393939394;1.6;0.0011017688059777094;0.0;8.750481106713238;8.750481106713238;3.743942797265859;4.217226576791908;4.319939235683761;4.261950111158036;5466.0
13363.0;5126.0;7015.0;0.3835964977924119;0.5249569707401033;1.5329815303430079;1.5723926380368098;1.5468577728776185;0.0012299122641099113;1.0;25.972190641282552;14.125646677199768;7.927174045609675;2.406371750166628;2.7446254298173365;3.2006835207499043;8717.0
15417.0;6156.0;7858.0;0.39929947460595444;0.5096970876305377;1.5610571081409477;1.6416;1.5386724104170746;0.0018780257414717806;0.0;14.125646677199768;7.927174045609675;4.348974834826862;2.7446254298173365;3.2006835207499043;3.747728478692127;9876.0
11948.0;4577.0;6406.0;0.3830766655507198;0.5361566789420824;1.5825165562913908;1.685819521178637;1.5503388189738625;0.001750109621166043;1.0;27.184691109354237;13.332400393996435;7.898767496204513;1.7162367989295653;1.95460194157276;2.3836683913665504;7550.0
14534.0;5954.0;7378.0;0.40966010733452596;0.5076372643456722;1.5636363636363637;1.6131129775128692;1.5552276559865092;0.0014270240859669623;0.0;7.898767496204513;18.914288056117076;10.46540395538736;2.3836683913665504;2.6592703416538903;3.148883730784609;9295.0
9972.0;3579.0;5472.0;0.3589049338146811;0.5487364620938628;1.548687684423047;1.534076296613802;1.5967318354245696;0.0012331079376799157;0.0;27.174792409396588;40.22000395962649;13.961063540194573;3.624913792078372;3.62911404477732;3.782587573341826;6439.0
8031.0;3096.0;4435.0;0.38550616361598805;0.5522350890300087;1.4159026798307475;1.4047186932849365;1.4517184942716859;0.0011690982515570887;1.0;44.81155917077922;25.60903314060083;13.038135121928292;3.770174896473637;3.719038854327822;3.749499966662221;5672.0
8667.0;3494.0;4609.0;0.4031383408330449;0.531787238952348;1.4655055799797092;1.498927498927499;1.4594680177327422;0.0013643400183950922;0.0;25.60903314060083;13.038135121928292;10.468708438639824;3.719038854327822;3.749499966662221;3.7748137371266415;5914.0
7958.0;3224.0;4237.0;0.4051269163106308;0.5324202060819301;1.5643797916257125;1.5605033881897385;1.597662141779789;0.000714913258971384;0.0;10.468708438639824;30.89616011643712;15.244417628777056;3.7748137371266415;3.5451551447010035;3.351305715687544;5087.0
6760.0;2471.0;3700.0;0.3655325443786982;0.5473372781065089;1.3463453495319657;1.3429347826086957;1.3673318551367333;0.00097538027009363;1.0;18.59038128928802;16.437120573668736;6.8776887165847285;2.3028175676766067;2.2798026230356;2.4464259645450133;5021.0
10536.0;4083.0;5899.0;0.3875284738041002;0.5598899012908124;1.571599045346062;1.5201042442293373;1.6399777592438143;0.0012360728795463593;1.0;39.73552663390663;30.15838639270973;12.329007054351266;2.3985347089421083;2.1453437952924936;2.2960564017462635;6704.0
14802.0;5933.0;8101.0;0.40082421294419673;0.5472909066342386;1.64667927466904;1.664702581369248;1.660381225660996;0.0018224945538663424;1.0;30.15838639270973;12.329007054351266;7.404407247782672;2.1453437952924936;2.2960564017462635;2.5762133063859447;8989.0
14626.0;6596.0;7198.0;0.4509777109257487;0.4921372897579653;1.641894925909295;1.6728379406543241;1.6589075823922563;0.0011724101926509833;0.0;7.404407247782672;13.183926715175645;7.154963712722747;2.5762133063859447;2.7998604875957662;3.3075670817082456;8908.0
13244.0;5896.0;6625.0;0.44518272425249167;0.5002265176683781;1.6634011554885708;1.6996252522340731;1.6870384517443342;0.0011076145023311875;0.0;13.183926715175645;7.154963712722747;6.648259461056455;2.7998604875957662;3.3075670817082456;3.721453848968169;7962.0
9360.0;3368.0;5302.0;0.3598290598290598;0.5664529914529914;1.5309126594700686;1.5171171171171172;1.54983922829582;0.001694498932080007;0.0;42.947809472312585;30.89861825109513;17.58104091050373;1.7436939955164157;1.7791764246414692;2.0209450140961285;6114.0
5427.0;2182.0;2763.0;0.40206375529758615;0.5091210613598673;1.3728813559322033;1.3411186232329442;1.427906976744186;0.0009129215799999868;0.0;32.19361605850011;40.15176790775774;17.986394524118765;2.395829710142188;2.476262304361152;2.6429150572805025;3953.0
6180.0;2400.0;3303.0;0.3883495145631068;0.5344660194174757;1.446967923202997;1.4328358208955223;1.4972801450589301;0.0010436100122114406;0.0;40.15176790775774;17.986394524118765;10.51980236908473;2.476262304361152;2.6429150572805025;2.816913204200655;4271.0
7426.0;2867.0;3945.0;0.3860759493670886;0.531241583625101;1.5011117849201536;1.5290666666666666;1.5011415525114156;0.0012394097897167557;0.0;32.02193191969488;19.53185943240213;15.616183034112764;1.7644049988593886;1.5095529139450523;1.4926381845577985;4947.0
13356.0;4865.0;7689.0;0.3642557651991614;0.575696316262354;1.6595427435387673;1.7965288035450517;1.5899503722084367;0.002478052401720116;1.0;36.39175041681085;23.90624651061883;13.71279562411472;2.3244623034155665;2.217684603364509;2.377630122622104;8048.0
16037.0;6026.0;8944.0;0.37575606410176465;0.5577102949429444;1.6843818926583343;1.7807328605200945;1.63989732306564;0.0020883423111859663;0.0;23.90624651061883;13.71279562411472;10.587437115439982;2.217684603364509;2.377630122622104;2.710396649938898;9521.0
18489.0;6997.0;10083.0;0.3784412353291146;0.5453512899561902;1.3574889867841409;1.3471313053523297;1.3882693102023957;0.0029202732386603525;1.0;89.47600074012256;35.61519017232351;11.54949381847571;1.4126106151378022;1.4139925742379271;2.194310825749169;13620.0
24313.0;9461.0;13114.0;0.3891333854316621;0.5393822235018303;1.3976201425615085;1.4142002989536622;1.4079879750912605;0.0036369624150957235;1.0;35.61519017232351;11.54949381847571;10.17448468451029;1.4139925742379271;2.194310825749169;2.842094298224463;17396.0
16228.0;7039.0;7561.0;0.43375647029824993;0.4659230958836579;1.3738570944801896;1.416012874673104;1.3759781619654232;0.0016268341763406604;1.0;18.688271937192127;15.895094182398893;6.77784726173762;5.006417756240483;5.28043262905607;5.587709727607547;11812.0
17669.0;7685.0;8330.0;0.4349425547569189;0.471447167355255;1.4202234547062134;1.4632520944402132;1.4190800681431006;0.001953126451350144;0.0;15.895094182398893;6.77784726173762;3.947526419069604;5.28043262905607;5.587709727607547;6.0646903259770815;12441.0
20066.0;7413.0;11310.0;0.36943087810226255;0.5636399880394698;1.4795752838814333;1.4543849323131253;1.5195485691253527;0.0026722850387649586;0.0;37.1822395026903;26.37451985019696;13.209855427714658;1.6611366590380214;1.7245923431350378;2.2612220147522004;13562.0
9396.0;3441.0;5282.0;0.3662196679438059;0.5621541081311197;1.4131448338095953;1.4586689275116576;1.414190093708166;0.001892845735973322;1.0;23.021525570499374;13.603483831433124;8.851017686425962;1.0304731922762471;1.299038105676658;1.7677669529663689;6649.0
14365.0;5449.0;8076.0;0.37932474765053953;0.5621997911590672;1.4421242847103704;1.496978021978022;1.4334398296059638;0.002155808543597677;0.0;13.603483831433124;8.851017686425962;4.662490635302305;1.299038105676658;1.7677669529663689;2.5147999423413387;9961.0
7808.0;3232.0;4037.0;0.4139344262295082;0.5170338114754098;1.5662988966900702;1.6531969309462915;1.5443764345830144;0.0011113116762735777;0.0;29.156020698997622;14.894742510376474;9.385684072253484;0.889170962188937;0.959410626374338;1.1469388606198676;4985.0
7075.0;2910.0;3662.0;0.41130742049469965;0.5175971731448763;1.5498357064622126;1.5832426550598477;1.5730240549828178;0.0006540146283229853;1.0;27.38570943553165;23.953794695358027;12.34806206501058;1.421871565929919;1.4230249470757708;1.6276900810658026;4565.0
10036.0;3909.0;5479.0;0.3894978078915903;0.5459346353128737;1.5932687728210828;1.6805674978503868;1.5645345516847515;0.0013085576157253434;1.0;23.953794695358027;12.34806206501058;4.499665302502592;1.4230249470757708;1.6276900810658026;2.111686233795163;6299.0
12709.0;4883.0;7073.0;0.38421590998504995;0.5565347391612243;1.6163042095892153;1.6996171249564915;1.5819727130395884;0.00170164706214511;1.0;12.34806206501058;4.499665302502592;3.0471125684427136;1.6276900810658026;2.111686233795163;2.5456764818020376;7863.0
16184.0;6434.0;8770.0;0.3975531389026199;0.5418932278793871;1.6133984647592463;1.707084107190236;1.5560681334279631;0.0017023664653636346;1.0;4.499665302502592;3.0471125684427136;1.947131794712604;2.111686233795163;2.5456764818020376;3.122498999199199;10031.0
17992.0;7701.0;9267.0;0.4280235660293464;0.5150622498888395;1.692249811888638;1.813279962326348;1.6257894736842105;0.0015066606685960133;1.0;3.0471125684427136;1.947131794712604;1.404070605263712;2.5456764818020376;3.122498999199199;3.6754889130563297;10632.0
18953.0;8390.0;9541.0;0.4426739830106052;0.5034031551733235;1.7332418838591679;1.8566054436822306;1.6677154343646217;0.001507136638497974;1.0;1.947131794712604;1.404070605263712;0.9347846942010988;3.122498999199199;3.6754889130563297;4.276735758730015;10935.0
19928.0;8661.0;9745.0;0.43461461260537937;0.48901043757527096;1.9276455794157477;1.9362843729040913;1.8650717703349282;0.0011799413695627744;1.0;1.404070605263712;0.9347846942010988;0.7006160866550175;3.6754889130563297;4.276735758730015;4.830502044301399;10338.0
17827.0;7524.0;8887.0;0.42205643125596004;0.49851349077242385;1.8741589571068125;1.8568608094768015;1.8147845619767204;0.0014426679639537624;1.0;0.9347846942010988;0.7006160866550175;0.5092581985977205;4.276735758730015;4.830502044301399;5.258683295274587;9512.0
18419.0;7435.0;9569.0;0.40365926488951626;0.519517889136218;1.836940261294505;1.8142996583699365;1.7855943272998693;0.001377457494377297;1.0;0.7006160866550175;0.5092581985977205;0.3154203746390749;4.830502044301399;5.258683295274587;5.729801479981658;10027.0
21433.0;9729.0;10661.0;0.4539261885876919;0.49741053515606776;1.7503470804409964;1.9106441476826395;1.6472496909765142;0.001706259127859289;0.0;0.5092581985977205;0.3154203746390749;0.2453734178525195;5.258683295274587;5.729801479981658;6.061597871023778;12245.0
10380.0;4167.0;5565.0;0.4014450867052023;0.5361271676300579;1.5541248689923641;1.5213581599123769;1.6324435318275154;0.001116966235378645;0.0;9.88999456570889;51.74943601078593;20.430319244558163;5.168957825326107;4.542438772289618;4.00546501669906;6679.0
10578.0;4383.0;5502.0;0.41435053885422574;0.5201361315938741;1.4693707459369356;1.5108583247156153;1.4703367183324425;0.0016432979607227;1.0;63.05658220252915;22.76120479015249;16.03616745795341;1.0304731922762476;1.145371118895531;1.5400385547121864;7199.0
15179.0;5947.0;8214.0;0.3917912905988537;0.5411423677449108;1.5246082764162314;1.518641470888662;1.5583380762663632;0.002499379809244776;0.0;22.76120479015249;16.03616745795341;9.452820280646009;1.145371118895531;1.5400385547121864;2.199822436016144;9956.0
14883.0;6357.0;7447.0;0.42713162668816773;0.500369549150037;1.5234926809294709;1.5295957651588066;1.5392724266225712;0.0013163826707040856;1.0;9.452820280646009;8.501020089182347;6.930830236945823;2.199822436016144;2.7299267389437394;3.2209276614043976;9769.0
9373.0;4432.0;4368.0;0.47284754080870584;0.46601941747572817;1.4939432578897036;1.5783475783475784;1.4434897554527428;0.0010532895646247144;0.0;40.11448258345966;45.01562835938845;19.15239424843857;3.4342939594624102;3.598524002976776;3.968528537128088;6274.0
12003.0;5501.0;5838.0;0.4583020911438807;0.48637840539865035;1.5364823348694316;1.6275147928994083;1.4764795144157814;0.0016463829005609765;0.0;45.01562835938845;19.15239424843857;11.773266280095951;3.598524002976776;3.968528537128088;4.380264689490808;7812.0
8216.0;3033.0;4454.0;0.36915774099318405;0.5421129503407984;1.4472432622864189;1.4926181102362204;1.4414239482200648;0.0015153080980046469;1.0;39.33836322455775;44.88765491228767;14.047118641945772;1.8251712248443976;1.8528272315572225;2.219902869496771;5677.0
9520.0;3819.0;4905.0;0.40115546218487397;0.5152310924369747;1.472316733683885;1.5154761904761904;1.453764078245406;0.0016476429227034798;1.0;44.88765491228767;14.047118641945772;11.77229087952901;1.8528272315572225;2.219902869496771;2.5202616431632645;6466.0
11123.0;4445.0;5880.0;0.3996224040276904;0.5286343612334802;1.5425045070031895;1.5569176882661997;1.5457413249211356;0.0014503648420635315;1.0;14.047118641945772;11.77229087952901;10.89047466032163;2.219902869496771;2.5202616431632645;2.7859861360028337;7211.0
10337.0;4368.0;5253.0;0.4225597368675631;0.5081745187191642;1.542605581256529;1.5505857294994676;1.5486438679245282;0.0011211072690240464;0.0;11.77229087952901;10.89047466032163;5.735230611871543;2.5202616431632645;2.7859861360028337;3.0847153434312213;6701.0
