time;time_msc;last;volume;buy;sell;open_m1;low_m1
2022.12.15 18:01:00;1671127260002;3887.0;1;0;0;3885.0;3884.0
2022.12.15 18:01:00;1671127260125;3886.75;2;0;1;3885.0;3884.0
2022.12.15 18:01:00;1671127260289;3887.0;1;1;0;3885.0;3884.0
2022.12.15 18:01:00;1671127260290;3887.0;1;0;1;3885.0;3884.0
2022.12.15 18:01:00;1671127260290;3887.0;1;0;1;3885.0;3884.0
2022.12.15 18:01:00;1671127260290;3887.0;1;0;1;3885.0;3884.0
2022.12.15 18:01:00;1671127260290;3887.0;1;0;1;3885.0;3884.0
2022.12.15 18:01:00;1671127260291;3887.0;1;0;0;3885.0;3884.0
2022.12.15 18:01:00;1671127260291;3887.0;1;0;0;3885.0;3884.0
2022.12.15 18:01:00;1671127260559;3887.25;1;1;0;3885.0;3884.0
2022.12.15 18:01:00;1671127260559;3887.25;1;1;0;3885.0;3884.0
2022.12.15 18:01:00;1671127260559;3887.25;2;1;0;3885.0;3884.0
2022.12.15 18:01:00;1671127260559;3887.25;2;1;0;3885.0;3884.0
2022.12.15 18:01:00;1671127260559;3887.25;1;0;1;3885.0;3884.0
2022.12.15 18:01:01;1671127261412;3887.25;1;1;0;3885.0;3884.0
2022.12.15 18:01:01;1671127261412;3887.25;1;1;0;3885.0;3884.0
2022.12.15 18:01:01;1671127261412;3887.25;1;1;0;3885.0;3884.0
2022.12.15 18:01:01;1671127261412;3887.25;1;0;0;3885.0;3884.0
2022.12.15 18:01:01;1671127261427;3887.25;1;0;0;3885.0;3884.0
2022.12.15 18:01:01;1671127261441;3887.25;1;0;0;3885.0;3884.0
2022.12.15 18:01:01;1671127261508;3887.25;1;0;0;3885.0;3884.0
2022.12.15 18:01:01;1671127261508;3887.25;1;0;0;3885.0;3884.0
2022.12.15 18:01:01;1671127261513;3887.25;1;0;0;3885.0;3884.0
2022.12.15 18:01:02;1671127262048;3887.25;1;0;1;3885.0;3884.0
2022.12.15 18:01:02;1671127262048;3887.25;1;0;0;3885.0;3884.0
2022.12.15 18:01:02;1671127262053;3887.25;1;0;0;3885.0;3884.0
2022.12.15 18:01:02;1671127262064;3887.25;1;0;0;3885.0;3884.0
2022.12.15 18:01:02;1671127262084;3887.25;1;0;0;3885.0;3884.0
2022.12.15 18:01:02;1671127262883;3887.25;1;1;0;3885.0;3884.0
2022.12.15 18:01:02;1671127262883;3887.25;1;1;0;3885.0;3884.0
2022.12.15 18:01:02;1671127262883;3887.25;1;1;0;3885.0;3884.0
2022.12.15 18:01:02;1671127262883;3887.25;1;1;0;3885.0;3884.0
2022.12.15 18:01:02;1671127262883;3887.25;1;0;0;3885.0;3884.0
2022.12.15 18:01:02;1671127262887;3887.25;1;0;0;3885.0;3884.0
2022.12.15 18:01:03;1671127263071;3887.25;1;0;0;3885.0;3884.0
2022.12.15 18:01:03;1671127263117;3887.25;1;0;0;3885.0;3884.0
2022.12.15 18:01:04;1671127264867;3887.5;1;1;0;3885.0;3884.0
2022.12.15 18:01:04;1671127264867;3887.5;1;1;0;3885.0;3884.0
2022.12.15 18:01:04;1671127264867;3887.5;1;1;0;3885.0;3884.0
2022.12.15 18:01:04;1671127264867;3887.5;1;1;0;3885.0;3884.0
2022.12.15 18:01:04;1671127264867;3887.5;1;1;0;3885.0;3884.0
2022.12.15 18:01:04;1671127264867;3887.5;1;1;0;3885.0;3884.0
2022.12.15 18:01:04;1671127264868;3887.5;1;0;0;3885.0;3884.0
2022.12.15 18:01:04;1671127264872;3887.5;1;0;0;3885.0;3884.0
2022.12.15 18:01:05;1671127265054;3887.5;1;0;0;3885.0;3884.0
2022.12.15 18:01:05;1671127265073;3887.5;1;0;0;3885.0;3884.0
2022.12.15 18:01:05;1671127265412;3887.5;1;0;1;3885.0;3884.0
2022.12.15 18:01:05;1671127265412;3887.5;1;0;0;3885.0;3884.0
2022.12.15 18:01:05;1671127265510;3887.5;1;0;0;3885.0;3884.0
2022.12.15 18:01:05;1671127265510;3887.5;1;0;0;3885.0;3884.0
2022.12.15 18:01:06;1671127266940;3887.5;1;1;0;3885.0;3884.0
2022.12.15 18:01:06;1671127266940;3887.5;1;0;0;3885.0;3884.0
2022.12.15 18:01:06;1671127266953;3887.5;1;0;0;3885.0;3884.0
2022.12.15 18:01:06;1671127266971;3887.5;1;0;0;3885.0;3884.0
2022.12.15 18:01:07;1671127267014;3887.5;1;0;0;3885.0;3884.0
2022.12.15 18:01:07;1671127267047;3887.5;1;0;0;3885.0;3884.0
2022.12.15 18:01:07;1671127267086;3887.5;1;0;0;3885.0;3884.0
2022.12.15 18:01:07;1671127267339;3887.75;1;1;0;3885.0;3884.0
2022.12.15 18:01:07;1671127267340;3887.75;3;1;0;3885.0;3884.0
2022.12.15 18:01:07;1671127267557;3887.75;3;0;0;3885.0;3884.0
2022.12.15 18:01:07;1671127267569;3887.75;3;0;0;3885.0;3884.0
2022.12.15 18:01:08;1671127268908;3887.75;1;1;0;3885.0;3884.0
2022.12.15 18:01:09;1671127269307;3887.75;1;1;0;3885.0;3884.0
2022.12.15 18:01:09;1671127269307;3887.75;1;1;0;3885.0;3884.0
2022.12.15 18:01:09;1671127269308;3887.75;1;0;0;3885.0;3884.0
2022.12.15 18:01:09;1671127269309;3887.75;1;0;1;3885.0;3884.0
2022.12.15 18:01:09;1671127269309;3887.75;1;0;0;3885.0;3884.0
2022.12.15 18:01:09;1671127269310;3887.75;1;0;0;3885.0;3884.0
2022.12.15 18:01:09;1671127269521;3887.75;2;1;0;3885.0;3884.0
2022.12.15 18:01:09;1671127269990;3887.5;1;0;1;3885.0;3884.0
2022.12.15 18:01:11;1671127271409;3887.5;1;0;1;3885.0;3884.0
2022.12.15 18:01:11;1671127271409;3887.5;1;0;1;3885.0;3884.0
2022.12.15 18:01:11;1671127271409;3887.5;1;0;1;3885.0;3884.0
2022.12.15 18:01:11;1671127271409;3887.5;1;0;1;3885.0;3884.0
2022.12.15 18:01:11;1671127271409;3887.5;1;0;1;3885.0;3884.0
2022.12.15 18:01:11;1671127271410;3887.5;1;0;1;3885.0;3884.0
2022.12.15 18:01:11;1671127271411;3887.5;1;0;0;3885.0;3884.0
2022.12.15 18:01:11;1671127271414;3887.5;1;1;0;3885.0;3884.0
2022.12.15 18:01:11;1671127271419;3887.5;1;0;0;3885.0;3884.0
2022.12.15 18:01:11;1671127271421;3887.5;1;0;0;3885.0;3884.0
2022.12.15 18:01:14;1671127274068;3887.5;1;1;0;3885.0;3884.0
2022.12.15 18:01:14;1671127274072;3887.5;1;0;0;3885.0;3884.0
2022.12.15 18:01:14;1671127274146;3887.5;1;0;1;3885.0;3884.0
2022.12.15 18:01:14;1671127274338;3887.5;1;0;1;3885.0;3884.0
2022.12.15 18:01:14;1671127274339;3887.5;1;0;0;3885.0;3884.0
2022.12.15 18:01:15;1671127275315;3887.5;1;0;0;3885.0;3884.0
2022.12.15 18:01:15;1671127275883;3887.5;1;0;0;3885.0;3884.0
2022.12.15 18:01:15;1671127275926;3887.5;1;0;0;3885.0;3884.0
2022.12.15 18:01:15;1671127275926;3887.5;1;0;0;3885.0;3884.0
2022.12.15 18:01:15;1671127275990;3887.5;1;0;0;3885.0;3884.0
2022.12.15 18:01:16;1671127276056;3887.5;1;0;0;3885.0;3884.0
2022.12.15 18:01:16;1671127276139;3887.5;1;0;0;3885.0;3884.0
2022.12.15 18:01:16;1671127276988;3887.25;1;0;1;3885.0;3884.0
2022.12.15 18:01:17;1671127277585;3887.25;1;0;1;3885.0;3884.0
2022.12.15 18:01:17;1671127277586;3887.25;1;0;0;3885.0;3884.0
2022.12.15 18:01:17;1671127277600;3887.25;1;0;0;3885.0;3884.0
2022.12.15 18:01:17;1671127277625;3887.25;1;1;0;3885.0;3884.0
2022.12.15 18:01:17;1671127277625;3887.25;1;0;0;3885.0;3884.0
2022.12.15 18:01:17;1671127277628;3887.25;1;0;1;3885.0;3884.0
2022.12.15 18:01:17;1671127277628;3887.25;1;0;0;3885.0;3884.0
2022.12.15 18:01:17;1671127277628;3887.25;1;0;0;3885.0;3884.0
2022.12.15 18:01:17;1671127277630;3887.25;1;0;0;3885.0;3884.0
2022.12.15 18:01:18;1671127278204;3887.0;1;0;1;3885.0;3884.0
2022.12.15 18:01:18;1671127278204;3887.0;1;0;1;3885.0;3884.0
2022.12.15 18:01:18;1671127278204;3887.0;1;0;0;3885.0;3884.0
2022.12.15 18:01:18;1671127278226;3887.0;1;0;0;3885.0;3884.0
2022.12.15 18:01:18;1671127278990;3887.0;1;0;1;3885.0;3884.0
2022.12.15 18:01:19;1671127279018;3887.0;1;0;0;3885.0;3884.0
2022.12.15 18:01:19;1671127279045;3887.0;1;0;0;3885.0;3884.0
2022.12.15 18:01:19;1671127279191;3887.0;1;0;0;3885.0;3884.0
2022.12.15 18:01:19;1671127279221;3887.0;1;0;0;3885.0;3884.0
2022.12.15 18:01:19;1671127279511;3887.25;1;0;1;3885.0;3884.0
2022.12.15 18:01:19;1671127279511;3887.25;1;0;0;3885.0;3884.0
2022.12.15 18:01:19;1671127279519;3887.25;1;0;0;3885.0;3884.0
2022.12.15 18:01:19;1671127279526;3887.25;1;0;0;3885.0;3884.0
2022.12.15 18:01:19;1671127279580;3887.25;1;0;0;3885.0;3884.0
2022.12.15 18:01:19;1671127279675;3887.25;1;0;0;3885.0;3884.0
2022.12.15 18:01:20;1671127280243;3887.5;1;1;0;3885.0;3884.0
2022.12.15 18:01:20;1671127280243;3887.5;1;1;0;3885.0;3884.0
2022.12.15 18:01:20;1671127280243;3887.5;1;0;0;3885.0;3884.0
2022.12.15 18:01:20;1671127280247;3887.5;3;0;1;3885.0;3884.0
2022.12.15 18:01:20;1671127280248;3887.5;2;0;1;3885.0;3884.0
2022.12.15 18:01:20;1671127280250;3887.5;1;1;0;3885.0;3884.0
2022.12.15 18:01:20;1671127280251;3887.5;1;0;0;3885.0;3884.0
2022.12.15 18:01:20;1671127280255;3887.5;1;0;0;3885.0;3884.0
2022.12.15 18:01:20;1671127280256;3887.5;1;0;0;3885.0;3884.0
2022.12.15 18:01:20;1671127280393;3887.5;1;0;0;3885.0;3884.0
2022.12.15 18:01:22;1671127282809;3887.5;1;0;1;3885.0;3884.0
2022.12.15 18:01:22;1671127282810;3887.5;1;0;0;3885.0;3884.0
2022.12.15 18:01:22;1671127282816;3887.5;1;0;0;3885.0;3884.0
2022.12.15 18:01:22;1671127282902;3887.5;1;1;0;3885.0;3884.0
2022.12.15 18:01:22;1671127282902;3887.5;1;1;0;3885.0;3884.0
2022.12.15 18:01:22;1671127282902;3887.5;1;0;0;3885.0;3884.0
2022.12.15 18:01:22;1671127282939;3887.5;1;0;0;3885.0;3884.0
2022.12.15 18:01:23;1671127283113;3887.5;1;0;0;3885.0;3884.0
2022.12.15 18:01:23;1671127283157;3887.5;1;0;0;3885.0;3884.0
2022.12.15 18:01:23;1671127283418;3887.75;1;1;0;3885.0;3884.0
2022.12.15 18:01:23;1671127283418;3887.75;1;1;0;3885.0;3884.0
2022.12.15 18:01:23;1671127283418;3887.75;1;1;0;3885.0;3884.0
2022.12.15 18:01:23;1671127283419;3887.75;1;0;0;3885.0;3884.0
2022.12.15 18:01:23;1671127283419;3887.75;1;0;1;3885.0;3884.0
2022.12.15 18:01:23;1671127283420;3887.75;1;0;0;3885.0;3884.0
2022.12.15 18:01:23;1671127283604;3887.75;1;0;0;3885.0;3884.0
2022.12.15 18:01:23;1671127283635;3887.75;1;0;0;3885.0;3884.0
2022.12.15 18:01:23;1671127283650;3887.75;1;0;0;3885.0;3884.0
2022.12.15 18:01:23;1671127283736;3887.75;1;0;0;3885.0;3884.0
2022.12.15 18:01:23;1671127283954;3888.0;1;1;0;3885.0;3884.0
2022.12.15 18:01:23;1671127283954;3888.0;1;1;0;3885.0;3884.0
2022.12.15 18:01:23;1671127283954;3888.0;1;0;0;3885.0;3884.0
2022.12.15 18:01:23;1671127283958;3888.0;1;1;0;3885.0;3884.0
2022.12.15 18:01:23;1671127283958;3888.0;1;1;0;3885.0;3884.0
2022.12.15 18:01:23;1671127283959;3888.0;1;0;0;3885.0;3884.0
2022.12.15 18:01:23;1671127283965;3888.0;1;0;0;3885.0;3884.0
2022.12.15 18:01:23;1671127283995;3887.75;1;0;1;3885.0;3884.0
2022.12.15 18:01:23;1671127283995;3888.0;1;1;0;3885.0;3884.0
2022.12.15 18:01:23;1671127283995;3888.0;1;1;0;3885.0;3884.0
2022.12.15 18:01:23;1671127283995;3888.0;1;0;0;3885.0;3884.0
2022.12.15 18:01:24;1671127284161;3888.25;1;1;0;3885.0;3884.0
2022.12.15 18:01:24;1671127284161;3888.25;1;1;0;3885.0;3884.0
2022.12.15 18:01:24;1671127284161;3888.25;1;1;0;3885.0;3884.0
2022.12.15 18:01:24;1671127284161;3888.25;1;0;0;3885.0;3884.0
2022.12.15 18:01:24;1671127284163;3888.25;1;0;0;3885.0;3884.0
2022.12.15 18:01:24;1671127284172;3888.25;1;0;0;3885.0;3884.0
2022.12.15 18:01:24;1671127284205;3888.25;1;0;0;3885.0;3884.0
2022.12.15 18:01:24;1671127284217;3888.25;1;0;0;3885.0;3884.0
2022.12.15 18:01:24;1671127284230;3888.25;1;0;0;3885.0;3884.0
2022.12.15 18:01:24;1671127284238;3888.25;1;0;0;3885.0;3884.0
2022.12.15 18:01:24;1671127284411;3888.25;1;0;1;3885.0;3884.0
2022.12.15 18:01:24;1671127284412;3888.25;1;0;1;3885.0;3884.0
2022.12.15 18:01:24;1671127284412;3888.25;1;0;1;3885.0;3884.0
2022.12.15 18:01:24;1671127284412;3888.25;1;0;1;3885.0;3884.0
2022.12.15 18:01:24;1671127284412;3888.25;1;0;0;3885.0;3884.0
2022.12.15 18:01:24;1671127284412;3888.25;1;0;0;3885.0;3884.0
2022.12.15 18:01:24;1671127284833;3888.5;1;1;0;3885.0;3884.0
2022.12.15 18:01:24;1671127284833;3888.5;1;1;0;3885.0;3884.0
2022.12.15 18:01:24;1671127284833;3888.5;1;0;0;3885.0;3884.0
2022.12.15 18:01:24;1671127284834;3888.5;1;1;0;3885.0;3884.0
2022.12.15 18:01:24;1671127284834;3888.5;1;0;1;3885.0;3884.0
2022.12.15 18:01:24;1671127284834;3888.5;1;0;0;3885.0;3884.0
2022.12.15 18:01:24;1671127284854;3888.5;1;0;0;3885.0;3884.0
2022.12.15 18:01:24;1671127284864;3888.5;1;0;0;3885.0;3884.0
2022.12.15 18:01:24;1671127284881;3888.5;1;0;0;3885.0;3884.0
2022.12.15 18:01:25;1671127285593;3888.5;1;0;1;3885.0;3884.0
2022.12.15 18:01:25;1671127285593;3888.5;1;0;0;3885.0;3884.0
2022.12.15 18:01:25;1671127285711;3888.5;1;0;0;3885.0;3884.0
2022.12.15 18:01:25;1671127285828;3888.5;1;0;0;3885.0;3884.0
2022.12.15 18:01:25;1671127285887;3888.5;1;0;0;3885.0;3884.0
2022.12.15 18:01:25;1671127285937;3888.5;1;0;0;3885.0;3884.0
2022.12.15 18:01:26;1671127286086;3888.75;1;1;0;3885.0;3884.0
2022.12.15 18:01:26;1671127286087;3888.75;1;0;0;3885.0;3884.0
2022.12.15 18:01:26;1671127286101;3888.75;1;0;0;3885.0;3884.0
2022.12.15 18:01:26;1671127286166;3888.75;1;0;0;3885.0;3884.0
2022.12.15 18:01:26;1671127286353;3888.5;1;0;1;3885.0;3884.0
2022.12.15 18:01:26;1671127286353;3888.5;1;0;0;3885.0;3884.0
2022.12.15 18:01:26;1671127286353;3888.5;1;0;0;3885.0;3884.0
2022.12.15 18:01:26;1671127286357;3888.5;1;0;0;3885.0;3884.0
2022.12.15 18:01:26;1671127286367;3888.5;1;0;0;3885.0;3884.0
2022.12.15 18:01:26;1671127286658;3888.5;1;0;1;3885.0;3884.0
2022.12.15 18:01:26;1671127286658;3888.5;1;0;1;3885.0;3884.0
2022.12.15 18:01:26;1671127286658;3888.5;1;0;0;3885.0;3884.0
2022.12.15 18:01:26;1671127286690;3888.5;1;0;0;3885.0;3884.0
2022.12.15 18:01:26;1671127286715;3888.5;2;1;0;3885.0;3884.0
2022.12.15 18:01:27;1671127287792;3888.25;1;0;1;3885.0;3884.0
2022.12.15 18:01:27;1671127287792;3888.25;1;0;1;3885.0;3884.0
2022.12.15 18:01:27;1671127287792;3888.25;1;0;0;3885.0;3884.0
2022.12.15 18:01:27;1671127287803;3888.25;1;0;0;3885.0;3884.0
2022.12.15 18:01:27;1671127287809;3888.25;1;0;0;3885.0;3884.0
2022.12.15 18:01:27;1671127287812;3888.5;1;1;0;3885.0;3884.0
2022.12.15 18:01:27;1671127287812;3888.5;1;1;0;3885.0;3884.0
2022.12.15 18:01:27;1671127287812;3888.5;1;1;0;3885.0;3884.0
2022.12.15 18:01:27;1671127287812;3888.5;1;1;0;3885.0;3884.0
2022.12.15 18:01:27;1671127287812;3888.5;2;1;0;3885.0;3884.0
2022.12.15 18:01:27;1671127287812;3888.5;3;1;0;3885.0;3884.0
2022.12.15 18:01:27;1671127287812;3888.5;1;1;0;3885.0;3884.0
2022.12.15 18:01:27;1671127287812;3888.5;1;1;0;3885.0;3884.0
2022.12.15 18:01:27;1671127287812;3888.5;1;1;0;3885.0;3884.0
2022.12.15 18:01:27;1671127287812;3888.5;1;1;0;3885.0;3884.0
2022.12.15 18:01:27;1671127287812;3888.5;1;1;0;3885.0;3884.0
2022.12.15 18:01:27;1671127287812;3888.5;2;1;0;3885.0;3884.0
2022.12.15 18:01:27;1671127287812;3888.5;1;1;0;3885.0;3884.0
2022.12.15 18:01:27;1671127287812;3888.5;2;1;0;3885.0;3884.0
2022.12.15 18:01:27;1671127287812;3888.5;1;1;0;3885.0;3884.0
2022.12.15 18:01:27;1671127287813;3888.5;2;1;0;3885.0;3884.0
2022.12.15 18:01:27;1671127287813;3888.5;1;1;0;3885.0;3884.0
2022.12.15 18:01:27;1671127287813;3888.75;2;1;0;3885.0;3884.0
2022.12.15 18:01:27;1671127287813;3888.75;2;1;0;3885.0;3884.0
2022.12.15 18:01:27;1671127287813;3888.75;1;1;0;3885.0;3884.0
2022.12.15 18:01:27;1671127287813;3888.75;1;1;0;3885.0;3884.0
2022.12.15 18:01:27;1671127287813;3888.75;1;1;0;3885.0;3884.0
2022.12.15 18:01:27;1671127287813;3888.75;1;1;0;3885.0;3884.0
2022.12.15 18:01:27;1671127287813;3888.75;1;1;0;3885.0;3884.0
2022.12.15 18:01:27;1671127287813;3888.75;1;1;0;3885.0;3884.0
2022.12.15 18:01:27;1671127287813;3888.75;2;1;0;3885.0;3884.0
2022.12.15 18:01:27;1671127287813;3888.75;1;1;0;3885.0;3884.0
2022.12.15 18:01:27;1671127287813;3888.75;1;1;0;3885.0;3884.0
2022.12.15 18:01:27;1671127287813;3888.75;3;1;0;3885.0;3884.0
2022.12.15 18:01:27;1671127287813;3888.5;1;1;0;3885.0;3884.0
2022.12.15 18:01:28;1671127288398;3888.25;1;0;1;3885.0;3884.0
2022.12.15 18:01:28;1671127288398;3888.25;1;0;1;3885.0;3884.0
2022.12.15 18:01:28;1671127288398;3888.25;1;0;0;3885.0;3884.0
2022.12.15 18:01:28;1671127288405;3888.25;1;1;0;3885.0;3884.0
2022.12.15 18:01:28;1671127288406;3888.25;1;0;0;3885.0;3884.0
2022.12.15 18:01:28;1671127288664;3888.25;1;0;1;3885.0;3884.0
2022.12.15 18:01:28;1671127288664;3888.25;1;0;0;3885.0;3884.0
2022.12.15 18:01:29;1671127289006;3888.0;1;0;1;3885.0;3884.0
2022.12.15 18:01:29;1671127289994;3888.0;1;0;1;3885.0;3884.0
2022.12.15 18:01:30;1671127290083;3888.0;1;0;1;3885.0;3884.0
2022.12.15 18:01:30;1671127290084;3888.0;1;0;0;3885.0;3884.0
2022.12.15 18:01:30;1671127290084;3888.0;1;0;0;3885.0;3884.0
2022.12.15 18:01:30;1671127290087;3888.0;1;0;0;3885.0;3884.0
2022.12.15 18:01:31;1671127291284;3888.0;1;1;0;3885.0;3884.0
2022.12.15 18:01:31;1671127291284;3888.0;1;0;0;3885.0;3884.0
2022.12.15 18:01:31;1671127291556;3888.0;1;0;1;3885.0;3884.0
2022.12.15 18:01:31;1671127291556;3888.0;1;0;0;3885.0;3884.0
2022.12.15 18:01:31;1671127291891;3888.0;1;0;0;3885.0;3884.0
2022.12.15 18:01:31;1671127291913;3888.0;1;0;0;3885.0;3884.0
2022.12.15 18:01:31;1671127291998;3888.0;1;0;0;3885.0;3884.0
2022.12.15 18:01:31;1671127291998;3888.0;1;0;0;3885.0;3884.0
2022.12.15 18:01:32;1671127292025;3888.0;1;0;0;3885.0;3884.0
2022.12.15 18:01:32;1671127292116;3888.0;1;0;0;3885.0;3884.0
2022.12.15 18:01:32;1671127292604;3888.0;1;0;1;3885.0;3884.0
2022.12.15 18:01:32;1671127292605;3888.0;1;0;0;3885.0;3884.0
2022.12.15 18:01:32;1671127292696;3888.0;1;0;0;3885.0;3884.0
2022.12.15 18:01:32;1671127292718;3888.0;1;0;0;3885.0;3884.0
2022.12.15 18:01:32;1671127292757;3888.0;1;1;0;3885.0;3884.0
2022.12.15 18:01:32;1671127292760;3888.0;1;0;0;3885.0;3884.0
2022.12.15 18:01:33;1671127293284;3888.0;1;0;0;3885.0;3884.0
2022.12.15 18:01:33;1671127293417;3888.0;1;0;0;3885.0;3884.0
2022.12.15 18:01:33;1671127293511;3888.0;1;0;0;3885.0;3884.0
2022.12.15 18:01:33;1671127293517;3888.0;1;0;0;3885.0;3884.0
2022.12.15 18:01:33;1671127293518;3888.0;1;0;0;3885.0;3884.0
2022.12.15 18:01:33;1671127293520;3888.0;1;0;0;3885.0;3884.0
2022.12.15 18:01:33;1671127293673;3887.75;1;0;1;3885.0;3884.0
2022.12.15 18:01:34;1671127294017;3887.75;1;0;1;3885.0;3884.0
2022.12.15 18:01:34;1671127294775;3888.0;1;1;0;3885.0;3884.0
2022.12.15 18:01:34;1671127294775;3888.0;1;1;0;3885.0;3884.0
2022.12.15 18:01:34;1671127294775;3888.0;1;1;0;3885.0;3884.0
2022.12.15 18:01:34;1671127294775;3888.0;1;0;0;3885.0;3884.0
2022.12.15 18:01:34;1671127294776;3888.0;1;0;0;3885.0;3884.0
2022.12.15 18:01:34;1671127294940;3888.25;1;1;0;3885.0;3884.0
2022.12.15 18:01:34;1671127294940;3888.25;1;0;0;3885.0;3884.0
2022.12.15 18:01:34;1671127294950;3888.25;1;0;0;3885.0;3884.0
2022.12.15 18:01:34;1671127294987;3888.25;1;0;1;3885.0;3884.0
2022.12.15 18:01:36;1671127296852;3888.25;1;0;1;3885.0;3884.0
2022.12.15 18:01:36;1671127296852;3888.25;1;0;1;3885.0;3884.0
2022.12.15 18:01:38;1671127298231;3888.25;1;0;1;3885.0;3884.0
2022.12.15 18:01:38;1671127298320;3888.25;1;0;1;3885.0;3884.0
2022.12.15 18:01:38;1671127298320;3888.25;1;0;0;3885.0;3884.0
2022.12.15 18:01:38;1671127298321;3888.25;1;0;0;3885.0;3884.0
2022.12.15 18:01:38;1671127298324;3888.25;1;0;0;3885.0;3884.0
2022.12.15 18:01:39;1671127299510;3888.25;1;0;1;3885.0;3884.0
2022.12.15 18:01:39;1671127299510;3888.25;1;0;0;3885.0;3884.0
2022.12.15 18:01:39;1671127299518;3888.25;1;1;0;3885.0;3884.0
2022.12.15 18:01:39;1671127299518;3888.25;1;0;0;3885.0;3884.0
2022.12.15 18:01:39;1671127299684;3888.25;1;0;0;3885.0;3884.0
2022.12.15 18:01:40;1671127300049;3888.25;1;0;0;3885.0;3884.0
2022.12.15 18:01:40;1671127300067;3888.25;1;0;0;3885.0;3884.0
2022.12.15 18:01:40;1671127300089;3888.25;1;0;0;3885.0;3884.0
2022.12.15 18:01:40;1671127300156;3888.25;1;0;0;3885.0;3884.0
2022.12.15 18:01:41;1671127301006;3888.25;1;0;1;3885.0;3884.0
2022.12.15 18:01:43;1671127303133;3888.5;1;1;0;3885.0;3884.0
2022.12.15 18:01:43;1671127303133;3888.5;1;1;0;3885.0;3884.0
2022.12.15 18:01:43;1671127303133;3888.5;1;1;0;3885.0;3884.0
2022.12.15 18:01:43;1671127303133;3888.5;1;0;0;3885.0;3884.0
2022.12.15 18:01:44;1671127304364;3888.5;1;0;1;3885.0;3884.0
2022.12.15 18:01:44;1671127304364;3888.5;1;0;0;3885.0;3884.0
2022.12.15 18:01:44;1671127304381;3888.5;1;0;0;3885.0;3884.0
2022.12.15 18:01:45;1671127305898;3888.5;1;1;0;3885.0;3884.0
2022.12.15 18:01:46;1671127306831;3888.5;1;0;0;3885.0;3884.0
2022.12.15 18:01:46;1671127306844;3888.5;1;0;0;3885.0;3884.0
2022.12.15 18:01:46;1671127306995;3888.5;1;0;1;3885.0;3884.0
2022.12.15 18:01:47;1671127307512;3888.5;1;0;1;3885.0;3884.0
2022.12.15 18:01:47;1671127307513;3888.5;1;0;1;3885.0;3884.0
2022.12.15 18:01:47;1671127307513;3888.5;1;0;0;3885.0;3884.0
2022.12.15 18:01:49;1671127309348;3888.25;1;0;1;3885.0;3884.0
2022.12.15 18:01:49;1671127309348;3888.25;1;0;1;3885.0;3884.0
2022.12.15 18:01:49;1671127309348;3888.25;1;0;1;3885.0;3884.0
2022.12.15 18:01:49;1671127309349;3888.25;1;0;1;3885.0;3884.0
2022.12.15 18:01:49;1671127309349;3888.25;1;0;0;3885.0;3884.0
2022.12.15 18:01:49;1671127309604;3888.0;1;0;1;3885.0;3884.0
2022.12.15 18:01:49;1671127309988;3888.0;1;0;1;3885.0;3884.0
2022.12.15 18:01:49;1671127309988;3888.0;1;0;1;3885.0;3884.0
2022.12.15 18:01:50;1671127310408;3888.0;1;0;0;3885.0;3884.0
2022.12.15 18:01:50;1671127310735;3888.0;1;0;0;3885.0;3884.0
2022.12.15 18:01:51;1671127311998;3888.25;1;0;1;3885.0;3884.0
2022.12.15 18:01:52;1671127312428;3888.5;2;1;0;3885.0;3884.0
2022.12.15 18:01:52;1671127312770;3888.5;1;1;0;3885.0;3884.0
2022.12.15 18:01:52;1671127312770;3888.5;1;0;0;3885.0;3884.0
2022.12.15 18:01:53;1671127313165;3888.5;1;0;1;3885.0;3884.0
2022.12.15 18:01:53;1671127313165;3888.5;1;0;0;3885.0;3884.0
2022.12.15 18:01:53;1671127313260;3888.5;1;0;0;3885.0;3884.0
2022.12.15 18:01:55;1671127315831;3888.5;1;0;1;3885.0;3884.0
2022.12.15 18:01:55;1671127315831;3888.5;1;0;1;3885.0;3884.0
2022.12.15 18:01:55;1671127315831;3888.5;1;0;0;3885.0;3884.0
2022.12.15 18:01:55;1671127315832;3888.5;1;1;0;3885.0;3884.0
2022.12.15 18:01:55;1671127315832;3888.5;1;0;0;3885.0;3884.0
2022.12.15 18:01:57;1671127317002;3888.5;1;0;1;3885.0;3884.0
2022.12.15 18:01:57;1671127317711;3888.75;3;1;0;3885.0;3884.0
2022.12.15 18:01:57;1671127317711;3888.75;1;1;0;3885.0;3884.0
2022.12.15 18:01:57;1671127317711;3888.75;1;1;0;3885.0;3884.0
2022.12.15 18:01:57;1671127317711;3888.75;2;1;0;3885.0;3884.0
2022.12.15 18:01:57;1671127317711;3888.75;2;0;0;3885.0;3884.0
2022.12.15 18:01:57;1671127317795;3889.0;1;1;0;3885.0;3884.0
2022.12.15 18:01:57;1671127317801;3889.0;1;0;0;3885.0;3884.0
2022.12.15 18:01:57;1671127317802;3889.25;1;1;0;3885.0;3884.0
2022.12.15 18:01:57;1671127317804;3889.25;1;0;0;3885.0;3884.0
2022.12.15 18:01:58;1671127318009;3889.0;1;0;1;3885.0;3884.0
2022.12.15 18:01:58;1671127318770;3889.0;1;0;1;3885.0;3884.0
2022.12.15 18:01:58;1671127318770;3889.0;1;0;0;3885.0;3884.0
2022.12.15 18:01:58;1671127318770;3889.0;1;0;0;3885.0;3884.0
2022.12.15 18:01:59;1671127319053;3889.0;1;0;1;3885.0;3884.0
2022.12.15 18:01:59;1671127319053;3889.0;1;0;0;3885.0;3884.0
2022.12.15 18:01:59;1671127319210;3888.75;1;0;1;3885.0;3884.0
2022.12.15 18:01:59;1671127319210;3888.75;1;0;1;3885.0;3884.0
2022.12.15 18:01:59;1671127319210;3888.75;1;0;1;3885.0;3884.0
2022.12.15 18:01:59;1671127319210;3888.75;1;0;1;3885.0;3884.0
2022.12.15 18:01:59;1671127319211;3888.75;2;0;1;3885.0;3884.0
2022.12.15 18:01:59;1671127319211;3888.75;1;0;1;3885.0;3884.0
2022.12.15 18:01:59;1671127319211;3888.75;4;0;1;3885.0;3884.0
2022.12.15 18:01:59;1671127319211;3888.75;1;0;1;3885.0;3884.0
2022.12.15 18:01:59;1671127319211;3888.75;1;0;1;3885.0;3884.0
2022.12.15 18:01:59;1671127319211;3888.75;2;0;1;3885.0;3884.0
2022.12.15 18:01:59;1671127319211;3888.75;1;0;1;3885.0;3884.0
2022.12.15 18:01:59;1671127319211;3888.75;4;0;1;3885.0;3884.0
2022.12.15 18:02:00;1671127320017;3888.75;4;0;0;3885.0;3884.0
2022.12.15 18:02:00;1671127320274;3888.75;4;0;0;3885.0;3884.0
2022.12.15 18:02:00;1671127320288;3888.75;4;0;0;3885.0;3884.0
2022.12.15 18:02:00;1671127320523;3889.0;2;1;0;3885.0;3884.0
2022.12.15 18:02:00;1671127320811;3889.0;2;0;0;3885.0;3884.0
2022.12.15 18:02:00;1671127320813;3889.0;2;0;0;3885.0;3884.0
2022.12.15 18:02:02;1671127322054;3889.0;1;0;1;3885.0;3884.0
2022.12.15 18:02:02;1671127322054;3889.0;1;0;0;3885.0;3884.0
2022.12.15 18:02:02;1671127322180;3889.0;1;0;0;3885.0;3884.0
2022.12.15 18:02:02;1671127322182;3889.0;1;0;0;3885.0;3884.0
2022.12.15 18:02:02;1671127322439;3889.0;1;0;0;3885.0;3884.0
2022.12.15 18:02:02;1671127322439;3889.0;1;0;0;3885.0;3884.0
2022.12.15 18:02:02;1671127322439;3889.0;1;0;0;3885.0;3884.0
2022.12.15 18:02:02;1671127322449;3889.0;1;0;0;3885.0;3884.0
2022.12.15 18:02:02;1671127322582;3889.0;1;0;0;3885.0;3884.0
2022.12.15 18:02:02;1671127322583;3889.0;1;0;0;3885.0;3884.0
2022.12.15 18:02:02;1671127322777;3889.25;1;1;0;3885.0;3884.0
2022.12.15 18:02:02;1671127322778;3889.25;3;1;0;3885.0;3884.0
2022.12.15 18:02:02;1671127322778;3889.25;1;1;0;3885.0;3884.0
2022.12.15 18:02:02;1671127322778;3889.25;1;0;0;3885.0;3884.0
2022.12.15 18:02:02;1671127322798;3889.25;1;0;1;3885.0;3884.0
2022.12.15 18:02:02;1671127322799;3889.25;1;0;0;3885.0;3884.0
2022.12.15 18:02:02;1671127322800;3889.25;1;0;0;3885.0;3884.0
2022.12.15 18:02:02;1671127322807;3889.25;1;0;0;3885.0;3884.0
2022.12.15 18:02:02;1671127322807;3889.25;1;0;0;3885.0;3884.0
2022.12.15 18:02:02;1671127322818;3889.25;1;0;0;3885.0;3884.0
2022.12.15 18:02:02;1671127322829;3889.25;1;0;0;3885.0;3884.0
2022.12.15 18:02:02;1671127322896;3889.25;1;0;0;3885.0;3884.0
2022.12.15 18:02:02;1671127322936;3889.25;1;0;0;3885.0;3884.0
2022.12.15 18:02:02;1671127322936;3889.25;1;0;0;3885.0;3884.0
2022.12.15 18:02:02;1671127322936;3889.25;1;0;0;3885.0;3884.0
2022.12.15 18:02:03;1671127323113;3889.5;1;1;0;3885.0;3884.0
2022.12.15 18:02:03;1671127323121;3889.5;1;1;0;3885.0;3884.0
2022.12.15 18:02:03;1671127323121;3889.5;1;1;0;3885.0;3884.0
2022.12.15 18:02:03;1671127323121;3889.5;1;1;0;3885.0;3884.0
2022.12.15 18:02:03;1671127323121;3889.5;2;1;0;3885.0;3884.0
2022.12.15 18:02:03;1671127323121;3889.5;1;1;0;3885.0;3884.0
2022.12.15 18:02:03;1671127323122;3889.5;1;1;0;3885.0;3884.0
2022.12.15 18:02:03;1671127323514;3889.5;1;0;0;3885.0;3884.0
2022.12.15 18:02:03;1671127323523;3889.5;1;0;0;3885.0;3884.0
2022.12.15 18:02:03;1671127323724;3889.5;1;0;0;3885.0;3884.0
2022.12.15 18:02:03;1671127323999;3889.5;1;0;0;3885.0;3884.0
2022.12.15 18:02:04;1671127324074;3889.5;1;0;0;3885.0;3884.0
2022.12.15 18:02:04;1671127324205;3889.5;1;0;0;3885.0;3884.0
2022.12.15 18:02:04;1671127324232;3889.25;1;0;1;3885.0;3884.0
2022.12.15 18:02:04;1671127324232;3889.25;1;0;1;3885.0;3884.0
2022.12.15 18:02:04;1671127324232;3889.25;1;0;0;3885.0;3884.0
2022.12.15 18:02:04;1671127324234;3889.25;1;0;1;3885.0;3884.0
2022.12.15 18:02:04;1671127324234;3889.25;1;0;1;3885.0;3884.0
2022.12.15 18:02:04;1671127324234;3889.25;1;0;0;3885.0;3884.0
2022.12.15 18:02:04;1671127324248;3889.25;1;0;0;3885.0;3884.0
2022.12.15 18:02:04;1671127324285;3889.25;1;0;0;3885.0;3884.0
2022.12.15 18:02:04;1671127324286;3889.25;1;0;1;3885.0;3884.0
2022.12.15 18:02:04;1671127324286;3889.25;1;0;1;3885.0;3884.0
2022.12.15 18:02:04;1671127324286;3889.25;1;0;0;3885.0;3884.0
2022.12.15 18:02:04;1671127324286;3889.25;1;0;0;3885.0;3884.0
2022.12.15 18:02:04;1671127324286;3889.25;1;0;0;3885.0;3884.0
2022.12.15 18:02:04;1671127324425;3889.25;1;0;0;3885.0;3884.0
2022.12.15 18:02:04;1671127324561;3889.25;1;0;0;3885.0;3884.0
2022.12.15 18:02:04;1671127324731;3889.25;1;0;0;3885.0;3884.0
2022.12.15 18:02:04;1671127324746;3889.5;2;1;0;3885.0;3884.0
2022.12.15 18:02:04;1671127324752;3889.5;2;0;0;3885.0;3884.0
2022.12.15 18:02:05;1671127325036;3889.0;1;0;1;3885.0;3884.0
2022.12.15 18:02:05;1671127325036;3889.0;1;0;1;3885.0;3884.0
2022.12.15 18:02:05;1671127325037;3889.0;1;0;0;3885.0;3884.0
2022.12.15 18:02:05;1671127325052;3889.0;1;0;0;3885.0;3884.0
2022.12.15 18:02:05;1671127325067;3889.0;1;0;0;3885.0;3884.0
2022.12.15 18:02:05;1671127325083;3889.0;1;0;0;3885.0;3884.0
2022.12.15 18:02:05;1671127325089;3889.0;1;0;0;3885.0;3884.0
2022.12.15 18:02:05;1671127325147;3889.0;1;0;0;3885.0;3884.0
2022.12.15 18:02:05;1671127325250;3889.25;1;1;0;3885.0;3884.0
2022.12.15 18:02:05;1671127325301;3889.25;1;0;0;3885.0;3884.0
2022.12.15 18:02:05;1671127325340;3889.25;1;0;0;3885.0;3884.0
2022.12.15 18:02:05;1671127325383;3889.25;1;0;0;3885.0;3884.0
2022.12.15 18:02:05;1671127325672;3889.25;1;0;0;3885.0;3884.0
2022.12.15 18:02:05;1671127325708;3889.25;1;0;0;3885.0;3884.0
2022.12.15 18:02:05;1671127325781;3889.25;1;0;0;3885.0;3884.0
2022.12.15 18:02:06;1671127326029;3889.0;1;0;1;3885.0;3884.0
2022.12.15 18:02:06;1671127326242;3889.0;1;0;1;3885.0;3884.0
2022.12.15 18:02:06;1671127326251;3889.0;1;0;0;3885.0;3884.0
2022.12.15 18:02:06;1671127326400;3889.0;1;1;0;3885.0;3884.0
2022.12.15 18:02:06;1671127326400;3889.0;1;0;0;3885.0;3884.0
2022.12.15 18:02:06;1671127326718;3889.0;1;0;0;3885.0;3884.0
2022.12.15 18:02:06;1671127326867;3889.0;1;0;0;3885.0;3884.0
2022.12.15 18:02:06;1671127326942;3889.0;1;0;0;3885.0;3884.0
2022.12.15 18:02:06;1671127326986;3889.25;1;0;1;3885.0;3884.0
2022.12.15 18:02:07;1671127327178;3889.5;1;1;0;3885.0;3884.0
2022.12.15 18:02:07;1671127327178;3889.5;1;1;0;3885.0;3884.0
2022.12.15 18:02:07;1671127327178;3889.5;1;1;0;3885.0;3884.0
2022.12.15 18:02:07;1671127327178;3889.5;1;1;0;3885.0;3884.0
2022.12.15 18:02:07;1671127327189;3889.5;1;1;0;3885.0;3884.0
2022.12.15 18:02:07;1671127327189;3889.5;2;1;0;3885.0;3884.0
2022.12.15 18:02:07;1671127327190;3889.5;2;0;0;3885.0;3884.0
2022.12.15 18:02:07;1671127327201;3889.5;2;0;0;3885.0;3884.0
2022.12.15 18:02:07;1671127327208;3889.5;2;0;0;3885.0;3884.0
2022.12.15 18:02:07;1671127327211;3889.5;2;0;0;3885.0;3884.0
2022.12.15 18:02:07;1671127327262;3889.5;2;0;0;3885.0;3884.0
2022.12.15 18:02:07;1671127327305;3889.5;2;0;0;3885.0;3884.0
2022.12.15 18:02:07;1671127327305;3889.5;2;0;0;3885.0;3884.0
2022.12.15 18:02:07;1671127327356;3889.5;1;1;0;3885.0;3884.0
2022.12.15 18:02:07;1671127327681;3889.5;1;1;0;3885.0;3884.0
2022.12.15 18:02:07;1671127327681;3889.5;1;1;0;3885.0;3884.0
2022.12.15 18:02:07;1671127327682;3889.5;1;0;0;3885.0;3884.0
2022.12.15 18:02:07;1671127327683;3889.5;1;0;0;3885.0;3884.0
2022.12.15 18:02:07;1671127327753;3889.5;3;0;1;3885.0;3884.0
2022.12.15 18:02:07;1671127327754;3889.5;3;0;0;3885.0;3884.0
2022.12.15 18:02:07;1671127327764;3889.5;3;0;0;3885.0;3884.0
2022.12.15 18:02:08;1671127328087;3889.5;3;0;0;3885.0;3884.0
2022.12.15 18:02:08;1671127328093;3889.5;3;0;0;3885.0;3884.0
2022.12.15 18:02:08;1671127328100;3889.5;3;0;0;3885.0;3884.0
2022.12.15 18:02:08;1671127328113;3889.5;3;0;0;3885.0;3884.0
2022.12.15 18:02:08;1671127328539;3889.0;1;0;1;3885.0;3884.0
2022.12.15 18:02:08;1671127328540;3889.0;1;0;1;3885.0;3884.0
2022.12.15 18:02:08;1671127328540;3889.0;1;0;1;3885.0;3884.0
2022.12.15 18:02:08;1671127328540;3889.0;1;0;0;3885.0;3884.0
2022.12.15 18:02:08;1671127328562;3889.0;1;1;0;3885.0;3884.0
2022.12.15 18:02:08;1671127328562;3889.0;1;0;0;3885.0;3884.0
2022.12.15 18:02:08;1671127328562;3889.0;1;0;0;3885.0;3884.0
2022.12.15 18:02:08;1671127328615;3889.0;1;0;1;3885.0;3884.0
2022.12.15 18:02:08;1671127328616;3889.0;1;0;0;3885.0;3884.0
2022.12.15 18:02:09;1671127329034;3888.75;1;0;1;3885.0;3884.0
2022.12.15 18:02:09;1671127329034;3888.75;6;0;1;3885.0;3884.0
2022.12.15 18:02:09;1671127329034;3888.75;1;0;1;3885.0;3884.0
2022.12.15 18:02:09;1671127329034;3888.75;1;0;0;3885.0;3884.0
2022.12.15 18:02:09;1671127329192;3888.75;1;1;0;3885.0;3884.0
2022.12.15 18:02:09;1671127329192;3888.75;1;0;0;3885.0;3884.0
2022.12.15 18:02:09;1671127329219;3888.75;1;0;1;3885.0;3884.0
2022.12.15 18:02:09;1671127329219;3888.75;1;0;1;3885.0;3884.0
2022.12.15 18:02:09;1671127329219;3888.75;1;0;1;3885.0;3884.0
2022.12.15 18:02:09;1671127329220;3888.75;1;0;0;3885.0;3884.0
2022.12.15 18:02:09;1671127329293;3888.75;1;0;0;3885.0;3884.0
2022.12.15 18:02:09;1671127329986;3888.5;1;0;1;3885.0;3884.0
2022.12.15 18:02:09;1671127329986;3888.5;1;0;1;3885.0;3884.0
2022.12.15 18:02:09;1671127329986;3888.5;1;0;1;3885.0;3884.0
2022.12.15 18:02:10;1671127330617;3888.75;1;1;0;3885.0;3884.0
2022.12.15 18:02:10;1671127330617;3888.75;1;0;0;3885.0;3884.0
2022.12.15 18:02:10;1671127330879;3888.75;1;0;0;3885.0;3884.0
2022.12.15 18:02:10;1671127330940;3888.75;1;0;0;3885.0;3884.0
2022.12.15 18:02:11;1671127331743;3888.75;1;1;0;3885.0;3884.0
2022.12.15 18:02:11;1671127331744;3888.75;1;0;0;3885.0;3884.0
2022.12.15 18:02:11;1671127331777;3888.75;1;0;0;3885.0;3884.0
2022.12.15 18:02:11;1671127331797;3888.75;1;0;0;3885.0;3884.0
2022.12.15 18:02:11;1671127331797;3888.75;1;0;0;3885.0;3884.0
2022.12.15 18:02:11;1671127331830;3888.75;1;0;0;3885.0;3884.0
2022.12.15 18:02:11;1671127331920;3888.75;1;0;0;3885.0;3884.0
2022.12.15 18:02:12;1671127332000;3888.75;1;0;0;3885.0;3884.0
2022.12.15 18:02:12;1671127332062;3888.75;1;1;0;3885.0;3884.0
2022.12.15 18:02:12;1671127332063;3888.75;1;0;0;3885.0;3884.0
2022.12.15 18:02:12;1671127332130;3888.75;1;0;0;3885.0;3884.0
2022.12.15 18:02:13;1671127333396;3888.75;1;1;0;3885.0;3884.0
2022.12.15 18:02:13;1671127333397;3888.75;1;0;0;3885.0;3884.0
2022.12.15 18:02:13;1671127333434;3888.75;1;0;0;3885.0;3884.0
2022.12.15 18:02:13;1671127333523;3888.75;1;0;0;3885.0;3884.0
2022.12.15 18:02:14;1671127334058;3888.75;1;1;0;3885.0;3884.0
2022.12.15 18:02:14;1671127334059;3888.75;1;0;0;3885.0;3884.0
2022.12.15 18:02:14;1671127334082;3888.75;1;0;0;3885.0;3884.0
2022.12.15 18:02:14;1671127334767;3888.5;1;0;1;3885.0;3884.0
2022.12.15 18:02:14;1671127334767;3888.5;1;0;0;3885.0;3884.0
2022.12.15 18:02:14;1671127334884;3888.5;1;1;0;3885.0;3884.0
2022.12.15 18:02:14;1671127334885;3888.5;1;0;0;3885.0;3884.0
2022.12.15 18:02:15;1671127335005;3888.5;1;0;1;3885.0;3884.0
2022.12.15 18:02:15;1671127335005;3888.5;1;0;1;3885.0;3884.0
2022.12.15 18:02:15;1671127335085;3888.5;1;0;0;3885.0;3884.0
2022.12.15 18:02:15;1671127335093;3888.5;1;0;0;3885.0;3884.0
2022.12.15 18:02:15;1671127335094;3888.5;1;0;0;3885.0;3884.0
2022.12.15 18:02:15;1671127335227;3888.5;1;0;0;3885.0;3884.0
2022.12.15 18:02:15;1671127335231;3888.5;1;0;0;3885.0;3884.0
2022.12.15 18:02:15;1671127335240;3888.5;1;0;0;3885.0;3884.0
2022.12.15 18:02:15;1671127335315;3888.5;1;0;1;3885.0;3884.0
2022.12.15 18:02:15;1671127335704;3888.5;1;0;0;3885.0;3884.0
2022.12.15 18:02:15;1671127335705;3888.5;1;0;0;3885.0;3884.0
2022.12.15 18:02:17;1671127337449;3888.5;1;1;0;3885.0;3884.0
2022.12.15 18:02:17;1671127337560;3888.5;1;1;0;3885.0;3884.0
2022.12.15 18:02:17;1671127337560;3888.5;1;0;0;3885.0;3884.0
2022.12.15 18:02:17;1671127337591;3888.5;1;0;0;3885.0;3884.0
2022.12.15 18:02:18;1671127338156;3888.5;1;0;0;3885.0;3884.0
2022.12.15 18:02:18;1671127338156;3888.5;1;0;0;3885.0;3884.0
2022.12.15 18:02:18;1671127338184;3888.5;1;0;0;3885.0;3884.0
2022.12.15 18:02:18;1671127338217;3888.5;1;0;0;3885.0;3884.0
2022.12.15 18:02:18;1671127338255;3888.5;1;0;0;3885.0;3884.0
2022.12.15 18:02:18;1671127338263;3888.5;1;0;0;3885.0;3884.0
2022.12.15 18:02:18;1671127338291;3888.5;1;0;0;3885.0;3884.0
2022.12.15 18:02:18;1671127338300;3888.5;1;0;0;3885.0;3884.0
2022.12.15 18:02:18;1671127338390;3888.5;1;0;0;3885.0;3884.0
2022.12.15 18:02:18;1671127338612;3888.5;1;0;0;3885.0;3884.0
2022.12.15 18:02:19;1671127339284;3888.5;1;1;0;3885.0;3884.0
2022.12.15 18:02:19;1671127339523;3888.5;1;1;0;3885.0;3884.0
2022.12.15 18:02:20;1671127340008;3888.25;1;0;1;3885.0;3884.0
2022.12.15 18:02:20;1671127340664;3888.5;1;1;0;3885.0;3884.0
2022.12.15 18:02:20;1671127340665;3888.5;1;0;0;3885.0;3884.0
2022.12.15 18:02:20;1671127340677;3888.5;1;0;0;3885.0;3884.0
2022.12.15 18:02:21;1671127341396;3888.25;1;0;1;3885.0;3884.0
2022.12.15 18:02:21;1671127341396;3888.25;1;0;1;3885.0;3884.0
2022.12.15 18:02:21;1671127341985;3888.25;1;0;1;3885.0;3884.0
2022.12.15 18:02:21;1671127341988;3888.25;1;0;0;3885.0;3884.0
2022.12.15 18:02:22;1671127342173;3888.25;1;1;0;3885.0;3884.0
2022.12.15 18:02:22;1671127342174;3888.25;1;1;0;3885.0;3884.0
2022.12.15 18:02:22;1671127342174;3888.25;1;0;0;3885.0;3884.0
2022.12.15 18:02:22;1671127342174;3888.25;1;0;0;3885.0;3884.0
2022.12.15 18:02:22;1671127342360;3888.25;1;0;0;3885.0;3884.0
2022.12.15 18:02:22;1671127342651;3888.5;1;1;0;3885.0;3884.0
2022.12.15 18:02:22;1671127342651;3888.5;1;0;0;3885.0;3884.0
2022.12.15 18:02:22;1671127342657;3888.5;1;0;0;3885.0;3884.0
2022.12.15 18:02:22;1671127342704;3888.5;1;1;0;3885.0;3884.0
2022.12.15 18:02:22;1671127342704;3888.5;1;0;0;3885.0;3884.0
2022.12.15 18:02:22;1671127342810;3888.5;1;0;0;3885.0;3884.0
2022.12.15 18:02:22;1671127342883;3888.5;1;1;0;3885.0;3884.0
2022.12.15 18:02:22;1671127342883;3888.5;1;0;1;3885.0;3884.0
2022.12.15 18:02:22;1671127342883;3888.5;1;0;0;3885.0;3884.0
2022.12.15 18:02:24;1671127344031;3888.5;1;0;1;3885.0;3884.0
2022.12.15 18:02:24;1671127344888;3888.75;2;1;0;3885.0;3884.0
2022.12.15 18:02:24;1671127344888;3888.75;1;1;0;3885.0;3884.0
2022.12.15 18:02:24;1671127344889;3888.75;2;1;0;3885.0;3884.0
2022.12.15 18:02:24;1671127344889;3888.75;1;1;0;3885.0;3884.0
2022.12.15 18:02:24;1671127344889;3888.75;1;1;0;3885.0;3884.0
2022.12.15 18:02:24;1671127344889;3888.75;1;1;0;3885.0;3884.0
2022.12.15 18:02:25;1671127345032;3888.5;1;0;1;3885.0;3884.0
2022.12.15 18:02:25;1671127345315;3888.5;1;0;0;3885.0;3884.0
2022.12.15 18:02:25;1671127345448;3888.5;1;1;0;3885.0;3884.0
2022.12.15 18:02:25;1671127345448;3888.5;1;0;0;3885.0;3884.0
2022.12.15 18:02:25;1671127345517;3888.75;2;1;0;3885.0;3884.0
2022.12.15 18:02:25;1671127345517;3888.75;1;1;0;3885.0;3884.0
2022.12.15 18:02:25;1671127345517;3888.75;1;1;0;3885.0;3884.0
2022.12.15 18:02:25;1671127345517;3888.75;1;1;0;3885.0;3884.0
2022.12.15 18:02:25;1671127345517;3888.75;1;0;0;3885.0;3884.0
2022.12.15 18:02:25;1671127345534;3888.75;1;0;0;3885.0;3884.0
2022.12.15 18:02:25;1671127345538;3888.75;2;1;0;3885.0;3884.0
2022.12.15 18:02:25;1671127345542;3888.75;2;0;0;3885.0;3884.0
2022.12.15 18:02:25;1671127345599;3888.75;2;0;0;3885.0;3884.0
2022.12.15 18:02:25;1671127345619;3888.75;2;0;0;3885.0;3884.0
2022.12.15 18:02:25;1671127345660;3888.75;2;0;0;3885.0;3884.0
2022.12.15 18:02:25;1671127345773;3888.75;2;0;0;3885.0;3884.0
2022.12.15 18:02:26;1671127346257;3888.75;2;0;0;3885.0;3884.0
2022.12.15 18:02:26;1671127346278;3888.75;2;0;0;3885.0;3884.0
2022.12.15 18:02:26;1671127346341;3888.75;2;0;0;3885.0;3884.0
2022.12.15 18:02:26;1671127346373;3888.75;2;0;0;3885.0;3884.0
2022.12.15 18:02:26;1671127346539;3888.75;2;0;0;3885.0;3884.0
2022.12.15 18:02:26;1671127346547;3888.75;2;0;0;3885.0;3884.0
2022.12.15 18:02:27;1671127347287;3888.75;1;1;0;3885.0;3884.0
2022.12.15 18:02:27;1671127347521;3888.75;1;1;0;3885.0;3884.0
2022.12.15 18:02:27;1671127347521;3888.75;1;1;0;3885.0;3884.0
2022.12.15 18:02:27;1671127347521;3888.75;1;1;0;3885.0;3884.0
2022.12.15 18:02:27;1671127347521;3888.75;1;0;0;3885.0;3884.0
2022.12.15 18:02:27;1671127347522;3888.75;1;0;1;3885.0;3884.0
2022.12.15 18:02:27;1671127347522;3888.75;1;0;1;3885.0;3884.0
2022.12.15 18:02:27;1671127347522;3888.75;1;0;0;3885.0;3884.0
2022.12.15 18:02:28;1671127348526;3888.75;1;1;0;3885.0;3884.0
2022.12.15 18:02:28;1671127348526;3888.75;2;1;0;3885.0;3884.0
2022.12.15 18:02:28;1671127348709;3888.75;1;1;0;3885.0;3884.0
2022.12.15 18:02:28;1671127348778;3888.75;1;1;0;3885.0;3884.0
2022.12.15 18:02:28;1671127348778;3888.75;1;0;0;3885.0;3884.0
2022.12.15 18:02:28;1671127348862;3888.75;1;0;0;3885.0;3884.0
2022.12.15 18:02:28;1671127348921;3888.75;1;0;0;3885.0;3884.0
2022.12.15 18:02:29;1671127349463;3888.75;1;0;0;3885.0;3884.0
2022.12.15 18:02:29;1671127349514;3888.75;1;0;0;3885.0;3884.0
2022.12.15 18:02:31;1671127351620;3888.75;1;0;0;3885.0;3884.0
2022.12.15 18:02:31;1671127351631;3888.75;1;0;0;3885.0;3884.0
2022.12.15 18:02:32;1671127352208;3888.5;1;1;0;3885.0;3884.0
2022.12.15 18:02:32;1671127352208;3888.5;1;0;0;3885.0;3884.0
2022.12.15 18:02:32;1671127352291;3888.5;1;0;0;3885.0;3884.0
2022.12.15 18:02:32;1671127352521;3888.5;1;0;0;3885.0;3884.0
2022.12.15 18:02:32;1671127352650;3888.5;1;0;0;3885.0;3884.0
2022.12.15 18:02:32;1671127352666;3888.5;2;0;1;3885.0;3884.0
2022.12.15 18:02:32;1671127352666;3888.5;2;0;0;3885.0;3884.0
2022.12.15 18:02:33;1671127353009;3888.25;1;0;1;3885.0;3884.0
2022.12.15 18:02:33;1671127353147;3888.5;1;1;0;3885.0;3884.0
2022.12.15 18:02:33;1671127353147;3888.5;1;1;0;3885.0;3884.0
2022.12.15 18:02:33;1671127353147;3888.5;1;1;0;3885.0;3884.0
2022.12.15 18:02:33;1671127353147;3888.5;1;1;0;3885.0;3884.0
2022.12.15 18:02:33;1671127353147;3888.5;1;1;0;3885.0;3884.0
2022.12.15 18:02:33;1671127353147;3888.5;2;1;0;3885.0;3884.0
2022.12.15 18:02:33;1671127353147;3888.5;2;0;0;3885.0;3884.0
2022.12.15 18:02:33;1671127353148;3888.5;1;0;1;3885.0;3884.0
2022.12.15 18:02:33;1671127353148;3888.5;1;0;0;3885.0;3884.0
2022.12.15 18:02:33;1671127353152;3888.5;1;1;0;3885.0;3884.0
2022.12.15 18:02:33;1671127353152;3888.5;1;1;0;3885.0;3884.0
2022.12.15 18:02:33;1671127353152;3888.5;1;0;0;3885.0;3884.0
2022.12.15 18:02:33;1671127353188;3888.5;1;0;0;3885.0;3884.0
2022.12.15 18:02:33;1671127353244;3888.5;1;0;0;3885.0;3884.0
2022.12.15 18:02:33;1671127353336;3888.5;1;0;0;3885.0;3884.0
2022.12.15 18:02:33;1671127353914;3888.5;1;0;0;3885.0;3884.0
2022.12.15 18:02:34;1671127354034;3888.5;1;0;0;3885.0;3884.0
2022.12.15 18:02:34;1671127354070;3888.5;1;0;0;3885.0;3884.0
2022.12.15 18:02:34;1671127354097;3888.5;1;0;0;3885.0;3884.0
2022.12.15 18:02:34;1671127354233;3888.5;1;0;0;3885.0;3884.0
2022.12.15 18:02:34;1671127354234;3888.5;1;0;0;3885.0;3884.0
2022.12.15 18:02:34;1671127354293;3888.5;1;0;0;3885.0;3884.0
2022.12.15 18:02:34;1671127354362;3888.25;1;1;0;3885.0;3884.0
2022.12.15 18:02:34;1671127354362;3888.25;1;0;0;3885.0;3884.0
2022.12.15 18:02:34;1671127354426;3888.25;1;0;0;3885.0;3884.0
2022.12.15 18:02:34;1671127354602;3888.25;1;1;0;3885.0;3884.0
2022.12.15 18:02:34;1671127354602;3888.25;1;1;0;3885.0;3884.0
2022.12.15 18:02:34;1671127354603;3888.25;1;0;0;3885.0;3884.0
2022.12.15 18:02:34;1671127354609;3888.25;1;0;0;3885.0;3884.0
2022.12.15 18:02:35;1671127355855;3888.5;1;1;0;3885.0;3884.0
2022.12.15 18:02:35;1671127355855;3888.5;1;0;0;3885.0;3884.0
2022.12.15 18:02:35;1671127355861;3888.5;1;0;0;3885.0;3884.0
2022.12.15 18:02:35;1671127355864;3888.5;1;0;1;3885.0;3884.0
2022.12.15 18:02:35;1671127355865;3888.5;1;0;0;3885.0;3884.0
2022.12.15 18:02:37;1671127357481;3888.5;1;0;0;3885.0;3884.0
2022.12.15 18:02:37;1671127357517;3888.5;1;0;0;3885.0;3884.0
2022.12.15 18:02:37;1671127357517;3888.5;1;0;0;3885.0;3884.0
2022.12.15 18:02:37;1671127357522;3888.5;1;0;0;3885.0;3884.0
2022.12.15 18:02:37;1671127357590;3888.5;1;0;0;3885.0;3884.0
2022.12.15 18:02:37;1671127357606;3888.5;1;0;0;3885.0;3884.0
2022.12.15 18:02:38;1671127358093;3888.25;1;0;1;3885.0;3884.0
2022.12.15 18:02:38;1671127358093;3888.25;1;0;0;3885.0;3884.0
2022.12.15 18:02:38;1671127358318;3888.25;1;0;0;3885.0;3884.0
2022.12.15 18:02:38;1671127358337;3888.25;1;0;0;3885.0;3884.0
2022.12.15 18:02:38;1671127358522;3888.25;1;0;0;3885.0;3884.0
2022.12.15 18:02:38;1671127358548;3888.25;1;0;0;3885.0;3884.0
2022.12.15 18:02:38;1671127358774;3888.25;1;0;0;3885.0;3884.0
2022.12.15 18:02:38;1671127358801;3888.25;1;0;0;3885.0;3884.0
2022.12.15 18:02:38;1671127358858;3888.25;1;0;0;3885.0;3884.0
2022.12.15 18:02:38;1671127358998;3888.25;1;0;0;3885.0;3884.0
2022.12.15 18:02:39;1671127359059;3888.25;1;0;0;3885.0;3884.0
2022.12.15 18:02:39;1671127359106;3888.0;1;0;1;3885.0;3884.0
2022.12.15 18:02:39;1671127359106;3888.0;1;0;0;3885.0;3884.0
2022.12.15 18:02:39;1671127359127;3888.0;1;0;0;3885.0;3884.0
2022.12.15 18:02:39;1671127359344;3887.75;1;0;1;3885.0;3884.0
2022.12.15 18:02:39;1671127359344;3887.75;1;0;1;3885.0;3884.0
2022.12.15 18:02:39;1671127359344;3887.75;1;0;1;3885.0;3884.0
2022.12.15 18:02:39;1671127359344;3887.75;1;0;1;3885.0;3884.0
2022.12.15 18:02:39;1671127359345;3887.75;1;0;1;3885.0;3884.0
2022.12.15 18:02:39;1671127359984;3887.75;1;0;1;3885.0;3884.0
2022.12.15 18:02:39;1671127359984;3887.75;1;0;1;3885.0;3884.0
2022.12.15 18:02:40;1671127360441;3888.0;1;1;0;3885.0;3884.0
2022.12.15 18:02:40;1671127360441;3888.0;1;1;0;3885.0;3884.0
2022.12.15 18:02:40;1671127360558;3888.0;1;1;0;3885.0;3884.0
2022.12.15 18:02:40;1671127360558;3888.0;1;1;0;3885.0;3884.0
2022.12.15 18:02:40;1671127360558;3888.0;1;1;0;3885.0;3884.0
2022.12.15 18:02:40;1671127360558;3888.0;1;0;0;3885.0;3884.0
2022.12.15 18:02:40;1671127360562;3888.0;1;0;1;3885.0;3884.0
2022.12.15 18:02:40;1671127360620;3888.0;1;0;0;3885.0;3884.0
2022.12.15 18:02:40;1671127360791;3888.0;1;0;0;3885.0;3884.0
2022.12.15 18:02:42;1671127362195;3888.0;1;1;0;3885.0;3884.0
2022.12.15 18:02:42;1671127362195;3888.0;1;0;0;3885.0;3884.0
2022.12.15 18:02:42;1671127362251;3888.0;2;0;1;3885.0;3884.0
2022.12.15 18:02:42;1671127362259;3888.0;2;0;0;3885.0;3884.0
2022.12.15 18:02:43;1671127363294;3888.0;2;0;0;3885.0;3884.0
2022.12.15 18:02:43;1671127363385;3888.0;2;0;0;3885.0;3884.0
2022.12.15 18:02:43;1671127363742;3888.0;2;0;0;3885.0;3884.0
2022.12.15 18:02:43;1671127363992;3887.75;1;0;1;3885.0;3884.0
2022.12.15 18:02:45;1671127365157;3887.75;1;0;0;3885.0;3884.0
2022.12.15 18:02:45;1671127365192;3887.75;1;0;0;3885.0;3884.0
2022.12.15 18:02:45;1671127365192;3887.75;1;1;0;3885.0;3884.0
2022.12.15 18:02:45;1671127365193;3887.75;1;0;0;3885.0;3884.0
2022.12.15 18:02:45;1671127365193;3887.75;1;0;0;3885.0;3884.0
2022.12.15 18:02:45;1671127365233;3887.75;1;0;0;3885.0;3884.0
2022.12.15 18:02:45;1671127365385;3887.75;1;0;0;3885.0;3884.0
2022.12.15 18:02:46;1671127366310;3888.0;1;1;0;3885.0;3884.0
2022.12.15 18:02:46;1671127366310;3888.0;1;0;0;3885.0;3884.0
2022.12.15 18:02:46;1671127366313;3888.0;1;0;0;3885.0;3884.0
2022.12.15 18:02:46;1671127366349;3888.0;1;0;0;3885.0;3884.0
2022.12.15 18:02:46;1671127366378;3888.0;1;0;0;3885.0;3884.0
2022.12.15 18:02:46;1671127366538;3888.0;1;0;0;3885.0;3884.0
2022.12.15 18:02:46;1671127366557;3888.0;1;0;0;3885.0;3884.0
2022.12.15 18:02:46;1671127366690;3888.0;1;0;0;3885.0;3884.0
2022.12.15 18:02:47;1671127367733;3888.0;1;1;0;3885.0;3884.0
2022.12.15 18:02:47;1671127367733;3888.0;1;0;0;3885.0;3884.0
2022.12.15 18:02:47;1671127367922;3888.0;1;0;0;3885.0;3884.0
2022.12.15 18:02:48;1671127368217;3888.0;1;1;0;3885.0;3884.0
2022.12.15 18:02:48;1671127368217;3888.0;1;0;0;3885.0;3884.0
2022.12.15 18:02:48;1671127368223;3888.0;1;0;0;3885.0;3884.0
2022.12.15 18:02:48;1671127368600;3888.0;1;0;0;3885.0;3884.0
2022.12.15 18:02:48;1671127368644;3888.0;1;0;0;3885.0;3884.0
2022.12.15 18:02:49;1671127369030;3888.0;1;0;0;3885.0;3884.0
2022.12.15 18:02:49;1671127369086;3888.0;1;0;0;3885.0;3884.0
2022.12.15 18:02:49;1671127369570;3888.0;1;0;1;3885.0;3884.0
2022.12.15 18:02:49;1671127369570;3888.0;1;0;1;3885.0;3884.0
2022.12.15 18:02:49;1671127369573;3888.0;1;0;0;3885.0;3884.0
2022.12.15 18:02:49;1671127369620;3887.75;1;0;1;3885.0;3884.0
2022.12.15 18:02:49;1671127369714;3887.75;6;0;1;3885.0;3884.0
2022.12.15 18:02:49;1671127369714;3887.75;1;0;1;3885.0;3884.0
2022.12.15 18:02:49;1671127369714;3887.75;1;0;0;3885.0;3884.0
2022.12.15 18:02:49;1671127369880;3887.75;1;1;0;3885.0;3884.0
2022.12.15 18:02:49;1671127369880;3887.75;1;0;0;3885.0;3884.0
2022.12.15 18:02:50;1671127370005;3887.75;1;0;1;3885.0;3884.0
2022.12.15 18:02:50;1671127370019;3887.75;1;0;0;3885.0;3884.0
2022.12.15 18:02:50;1671127370072;3887.75;1;0;0;3885.0;3884.0
2022.12.15 18:02:50;1671127370131;3887.75;1;0;0;3885.0;3884.0
2022.12.15 18:02:50;1671127370368;3887.75;1;0;0;3885.0;3884.0
2022.12.15 18:02:50;1671127370369;3887.75;1;0;0;3885.0;3884.0
2022.12.15 18:02:50;1671127370621;3887.75;1;0;0;3885.0;3884.0
2022.12.15 18:02:50;1671127370621;3887.75;1;0;0;3885.0;3884.0
2022.12.15 18:02:50;1671127370685;3887.75;1;0;0;3885.0;3884.0
2022.12.15 18:02:50;1671127370821;3887.75;1;0;0;3885.0;3884.0
2022.12.15 18:02:50;1671127370915;3887.75;1;0;0;3885.0;3884.0
2022.12.15 18:02:50;1671127370981;3887.75;1;0;0;3885.0;3884.0
2022.12.15 18:02:51;1671127371259;3887.75;1;0;0;3885.0;3884.0
2022.12.15 18:02:51;1671127371260;3887.75;1;0;0;3885.0;3884.0
2022.12.15 18:02:51;1671127371728;3887.75;1;0;0;3885.0;3884.0
2022.12.15 18:02:51;1671127371794;3887.75;1;0;0;3885.0;3884.0
2022.12.15 18:02:51;1671127371851;3887.75;1;0;0;3885.0;3884.0
2022.12.15 18:02:52;1671127372982;3887.75;1;0;1;3885.0;3884.0
2022.12.15 18:02:53;1671127373827;3887.75;1;0;0;3885.0;3884.0
2022.12.15 18:02:53;1671127373966;3887.75;1;0;0;3885.0;3884.0
2022.12.15 18:02:54;1671127374056;3887.75;1;0;0;3885.0;3884.0
2022.12.15 18:02:54;1671127374272;3887.75;1;0;0;3885.0;3884.0
2022.12.15 18:02:54;1671127374619;3888.0;1;1;0;3885.0;3884.0
2022.12.15 18:02:54;1671127374619;3888.0;1;1;0;3885.0;3884.0
2022.12.15 18:02:54;1671127374619;3888.0;1;0;0;3885.0;3884.0
2022.12.15 18:02:54;1671127374620;3888.0;1;0;0;3885.0;3884.0
2022.12.15 18:02:54;1671127374723;3888.0;1;0;0;3885.0;3884.0
2022.12.15 18:02:54;1671127374755;3888.0;1;0;0;3885.0;3884.0
2022.12.15 18:02:54;1671127374860;3888.0;1;0;0;3885.0;3884.0
2022.12.15 18:02:54;1671127374883;3888.0;1;0;0;3885.0;3884.0
2022.12.15 18:02:55;1671127375065;3887.75;2;0;1;3885.0;3884.0
2022.12.15 18:02:55;1671127375065;3887.75;1;0;1;3885.0;3884.0
2022.12.15 18:02:55;1671127375065;3887.75;1;0;1;3885.0;3884.0
2022.12.15 18:02:55;1671127375065;3887.75;6;0;1;3885.0;3884.0
2022.12.15 18:02:55;1671127375065;3887.75;1;0;1;3885.0;3884.0
2022.12.15 18:02:55;1671127375066;3887.75;1;0;1;3885.0;3884.0
2022.12.15 18:02:55;1671127375066;3887.75;1;0;1;3885.0;3884.0
2022.12.15 18:02:55;1671127375066;3887.75;2;0;1;3885.0;3884.0
2022.12.15 18:02:55;1671127375066;3887.75;1;0;1;3885.0;3884.0
2022.12.15 18:02:55;1671127375066;3887.5;2;0;1;3885.0;3884.0
2022.12.15 18:02:55;1671127375066;3887.5;2;0;1;3885.0;3884.0
2022.12.15 18:02:55;1671127375069;3887.75;1;0;1;3885.0;3884.0
2022.12.15 18:02:55;1671127375637;3887.75;1;0;1;3885.0;3884.0
2022.12.15 18:02:55;1671127375637;3887.75;1;0;0;3885.0;3884.0
2022.12.15 18:02:56;1671127376040;3887.5;1;0;1;3885.0;3884.0
2022.12.15 18:02:56;1671127376298;3887.75;1;1;0;3885.0;3884.0
2022.12.15 18:02:56;1671127376381;3887.75;1;1;0;3885.0;3884.0
2022.12.15 18:02:56;1671127376381;3887.75;1;0;0;3885.0;3884.0
2022.12.15 18:02:56;1671127376578;3888.0;1;1;0;3885.0;3884.0
2022.12.15 18:02:56;1671127376578;3888.0;1;0;0;3885.0;3884.0
2022.12.15 18:02:56;1671127376589;3888.0;1;0;0;3885.0;3884.0
2022.12.15 18:02:57;1671127377010;3888.0;1;0;1;3885.0;3884.0
2022.12.15 18:02:57;1671127377010;3888.0;1;0;0;3885.0;3884.0
2022.12.15 18:02:57;1671127377091;3888.0;1;0;0;3885.0;3884.0
2022.12.15 18:02:57;1671127377341;3887.75;1;0;1;3885.0;3884.0
2022.12.15 18:02:57;1671127377342;3887.75;1;0;0;3885.0;3884.0
2022.12.15 18:02:57;1671127377344;3887.75;1;0;0;3885.0;3884.0
2022.12.15 18:02:57;1671127377374;3887.75;1;0;0;3885.0;3884.0
2022.12.15 18:02:57;1671127377390;3887.75;1;0;0;3885.0;3884.0
2022.12.15 18:02:57;1671127377416;3887.75;1;0;0;3885.0;3884.0
2022.12.15 18:02:58;1671127378058;3887.75;1;0;0;3885.0;3884.0
2022.12.15 18:02:58;1671127378067;3887.75;1;0;0;3885.0;3884.0
2022.12.15 18:02:58;1671127378077;3887.75;1;0;0;3885.0;3884.0
2022.12.15 18:02:58;1671127378078;3887.75;1;0;0;3885.0;3884.0
2022.12.15 18:02:58;1671127378426;3887.75;1;0;0;3885.0;3884.0
2022.12.15 18:02:58;1671127378525;3887.75;1;0;0;3885.0;3884.0
2022.12.15 18:02:58;1671127378726;3887.75;1;0;0;3885.0;3884.0
2022.12.15 18:02:59;1671127379427;3887.75;1;0;0;3885.0;3884.0
2022.12.15 18:03:00;1671127380097;3887.75;1;0;0;3885.0;3884.0
2022.12.15 18:03:00;1671127380528;3887.75;1;0;0;3885.0;3884.0
2022.12.15 18:03:00;1671127380538;3887.75;1;0;0;3885.0;3884.0
2022.12.15 18:03:00;1671127380575;3887.75;1;0;0;3885.0;3884.0
2022.12.15 18:03:00;1671127380585;3887.75;1;0;0;3885.0;3884.0
2022.12.15 18:03:00;1671127380870;3888.0;1;0;1;3885.0;3884.0
2022.12.15 18:03:00;1671127380870;3888.0;1;0;0;3885.0;3884.0
2022.12.15 18:03:00;1671127380879;3887.75;1;0;1;3885.0;3884.0
2022.12.15 18:03:00;1671127380879;3887.75;1;0;1;3885.0;3884.0
2022.12.15 18:03:00;1671127380879;3887.75;1;0;1;3885.0;3884.0
2022.12.15 18:03:00;1671127380880;3887.75;1;0;1;3885.0;3884.0
2022.12.15 18:03:00;1671127380880;3887.75;1;0;1;3885.0;3884.0
2022.12.15 18:03:01;1671127381007;3887.75;1;0;1;3885.0;3884.0
2022.12.15 18:03:01;1671127381007;3887.75;1;0;1;3885.0;3884.0
2022.12.15 18:03:01;1671127381007;3887.75;1;0;0;3885.0;3884.0
2022.12.15 18:03:01;1671127381028;3887.75;1;0;0;3885.0;3884.0
2022.12.15 18:03:01;1671127381081;3887.75;1;0;0;3885.0;3884.0
2022.12.15 18:03:01;1671127381092;3887.75;1;0;0;3885.0;3884.0
2022.12.15 18:03:01;1671127381156;3887.75;1;0;0;3885.0;3884.0
2022.12.15 18:03:01;1671127381189;3887.5;1;0;1;3885.0;3884.0
2022.12.15 18:03:01;1671127381189;3887.5;1;0;1;3885.0;3884.0
2022.12.15 18:03:01;1671127381442;3887.5;1;0;0;3885.0;3884.0
2022.12.15 18:03:01;1671127381540;3887.5;1;0;0;3885.0;3884.0
2022.12.15 18:03:01;1671127381974;3887.5;1;0;0;3885.0;3884.0
2022.12.15 18:03:01;1671127381975;3887.5;1;0;0;3885.0;3884.0
2022.12.15 18:03:02;1671127382000;3887.5;1;0;0;3885.0;3884.0
2022.12.15 18:03:02;1671127382675;3887.75;1;1;0;3885.0;3884.0
2022.12.15 18:03:02;1671127382675;3887.75;1;1;0;3885.0;3884.0
2022.12.15 18:03:02;1671127382675;3887.75;1;1;0;3885.0;3884.0
2022.12.15 18:03:02;1671127382675;3887.75;1;0;0;3885.0;3884.0
2022.12.15 18:03:02;1671127382705;3887.75;1;0;1;3885.0;3884.0
2022.12.15 18:03:02;1671127382705;3887.75;1;0;0;3885.0;3884.0
2022.12.15 18:03:02;1671127382804;3887.75;1;0;1;3885.0;3884.0
2022.12.15 18:03:02;1671127382804;3887.75;1;0;0;3885.0;3884.0
2022.12.15 18:03:03;1671127383111;3887.75;1;0;0;3885.0;3884.0
2022.12.15 18:03:03;1671127383221;3887.75;1;0;0;3885.0;3884.0
2022.12.15 18:03:03;1671127383238;3887.75;1;0;0;3885.0;3884.0
2022.12.15 18:03:03;1671127383288;3887.75;1;0;0;3885.0;3884.0
2022.12.15 18:03:03;1671127383304;3887.75;1;0;0;3885.0;3884.0
2022.12.15 18:03:03;1671127383377;3887.75;1;0;0;3885.0;3884.0
2022.12.15 18:03:03;1671127383397;3887.75;1;0;0;3885.0;3884.0
2022.12.15 18:03:03;1671127383653;3887.75;1;0;0;3885.0;3884.0
2022.12.15 18:03:03;1671127383974;3887.75;1;0;0;3885.0;3884.0
2022.12.15 18:03:04;1671127384401;3887.75;1;0;0;3885.0;3884.0
2022.12.15 18:03:04;1671127384455;3887.75;1;0;0;3885.0;3884.0
2022.12.15 18:03:04;1671127384457;3887.75;1;0;0;3885.0;3884.0
2022.12.15 18:03:04;1671127384575;3887.75;1;0;0;3885.0;3884.0
2022.12.15 18:03:04;1671127384575;3887.75;1;0;0;3885.0;3884.0
2022.12.15 18:03:04;1671127384901;3887.75;1;0;0;3885.0;3884.0
2022.12.15 18:03:05;1671127385332;3888.0;1;1;0;3885.0;3884.0
2022.12.15 18:03:05;1671127385332;3888.0;1;0;0;3885.0;3884.0
2022.12.15 18:03:05;1671127385385;3888.0;1;0;0;3885.0;3884.0
2022.12.15 18:03:05;1671127385547;3888.0;1;0;0;3885.0;3884.0
2022.12.15 18:03:05;1671127385547;3888.0;1;0;0;3885.0;3884.0
2022.12.15 18:03:05;1671127385637;3888.0;1;0;0;3885.0;3884.0
2022.12.15 18:03:05;1671127385666;3888.0;1;0;0;3885.0;3884.0
2022.12.15 18:03:05;1671127385677;3888.0;1;0;0;3885.0;3884.0
2022.12.15 18:03:05;1671127385685;3888.0;1;0;0;3885.0;3884.0
2022.12.15 18:03:05;1671127385766;3888.0;1;0;0;3885.0;3884.0
2022.12.15 18:03:05;1671127385885;3888.0;2;1;0;3885.0;3884.0
2022.12.15 18:03:05;1671127385887;3888.0;2;0;0;3885.0;3884.0
2022.12.15 18:03:05;1671127385968;3888.0;2;0;0;3885.0;3884.0
2022.12.15 18:03:06;1671127386005;3888.0;2;0;0;3885.0;3884.0
2022.12.15 18:03:06;1671127386054;3888.0;2;0;0;3885.0;3884.0
2022.12.15 18:03:06;1671127386057;3888.0;2;0;0;3885.0;3884.0
2022.12.15 18:03:06;1671127386109;3888.0;2;0;0;3885.0;3884.0
2022.12.15 18:03:06;1671127386110;3888.0;2;0;0;3885.0;3884.0
2022.12.15 18:03:06;1671127386341;3888.25;1;1;0;3885.0;3884.0
2022.12.15 18:03:06;1671127386341;3888.25;1;0;0;3885.0;3884.0
2022.12.15 18:03:06;1671127386354;3888.25;1;1;0;3885.0;3884.0
2022.12.15 18:03:06;1671127386355;3888.25;1;0;0;3885.0;3884.0
2022.12.15 18:03:06;1671127386356;3888.25;1;0;0;3885.0;3884.0
2022.12.15 18:03:06;1671127386436;3888.25;1;0;0;3885.0;3884.0
2022.12.15 18:03:06;1671127386536;3888.25;1;0;1;3885.0;3884.0
2022.12.15 18:03:06;1671127386536;3888.25;1;0;0;3885.0;3884.0
2022.12.15 18:03:06;1671127386632;3888.25;1;0;0;3885.0;3884.0
2022.12.15 18:03:06;1671127386632;3888.25;1;0;0;3885.0;3884.0
2022.12.15 18:03:06;1671127386754;3888.25;1;0;0;3885.0;3884.0
2022.12.15 18:03:06;1671127386984;3888.25;1;0;0;3885.0;3884.0
2022.12.15 18:03:07;1671127387074;3888.25;1;0;0;3885.0;3884.0
2022.12.15 18:03:07;1671127387180;3888.25;1;0;0;3885.0;3884.0
2022.12.15 18:03:07;1671127387187;3888.25;1;0;0;3885.0;3884.0
2022.12.15 18:03:07;1671127387254;3888.0;1;1;0;3885.0;3884.0
2022.12.15 18:03:07;1671127387255;3888.0;1;0;0;3885.0;3884.0
2022.12.15 18:03:08;1671127388401;3888.0;1;0;1;3885.0;3884.0
2022.12.15 18:03:08;1671127388401;3888.0;1;0;0;3885.0;3884.0
2022.12.15 18:03:08;1671127388525;3887.75;1;0;1;3885.0;3884.0
2022.12.15 18:03:08;1671127388525;3887.75;1;0;1;3885.0;3884.0
2022.12.15 18:03:08;1671127388526;3887.75;1;0;0;3885.0;3884.0
2022.12.15 18:03:08;1671127388528;3887.75;1;0;0;3885.0;3884.0
2022.12.15 18:03:08;1671127388530;3887.75;1;0;0;3885.0;3884.0
2022.12.15 18:03:08;1671127388543;3887.75;1;0;0;3885.0;3884.0
2022.12.15 18:03:08;1671127388546;3887.75;1;0;0;3885.0;3884.0
2022.12.15 18:03:08;1671127388714;3887.5;1;0;1;3885.0;3884.0
2022.12.15 18:03:08;1671127388714;3887.5;3;0;1;3885.0;3884.0
2022.12.15 18:03:08;1671127388714;3887.5;1;0;1;3885.0;3884.0
2022.12.15 18:03:08;1671127388714;3887.5;1;1;0;3885.0;3884.0
2022.12.15 18:03:08;1671127388714;3887.5;1;0;0;3885.0;3884.0
2022.12.15 18:03:08;1671127388788;3887.5;1;0;0;3885.0;3884.0
2022.12.15 18:03:08;1671127388797;3887.5;1;0;0;3885.0;3884.0
2022.12.15 18:03:09;1671127389441;3887.5;1;0;1;3885.0;3884.0
2022.12.15 18:03:09;1671127389441;3887.5;1;0;0;3885.0;3884.0
2022.12.15 18:03:09;1671127389452;3887.5;1;0;0;3885.0;3884.0
2022.12.15 18:03:09;1671127389531;3887.5;1;0;0;3885.0;3884.0
2022.12.15 18:03:09;1671127389605;3887.5;1;0;1;3885.0;3884.0
2022.12.15 18:03:09;1671127389606;3887.5;1;0;0;3885.0;3884.0
2022.12.15 18:03:10;1671127390006;3887.25;1;0;1;3885.0;3884.0
2022.12.15 18:03:10;1671127390254;3887.5;1;1;0;3885.0;3884.0
2022.12.15 18:03:10;1671127390254;3887.5;1;1;0;3885.0;3884.0
2022.12.15 18:03:10;1671127390255;3887.5;2;1;0;3885.0;3884.0
2022.12.15 18:03:10;1671127390255;3887.5;2;0;0;3885.0;3884.0
2022.12.15 18:03:10;1671127390266;3887.5;2;0;0;3885.0;3884.0
2022.12.15 18:03:10;1671127390888;3887.5;2;0;0;3885.0;3884.0
2022.12.15 18:03:10;1671127390899;3887.5;2;0;0;3885.0;3884.0
2022.12.15 18:03:11;1671127391100;3887.5;2;0;0;3885.0;3884.0
2022.12.15 18:03:11;1671127391109;3887.5;2;0;0;3885.0;3884.0
2022.12.15 18:03:11;1671127391367;3887.5;2;0;0;3885.0;3884.0
2022.12.15 18:03:11;1671127391724;3887.5;2;0;0;3885.0;3884.0
2022.12.15 18:03:11;1671127391747;3887.5;2;0;0;3885.0;3884.0
2022.12.15 18:03:11;1671127391995;3887.5;2;0;0;3885.0;3884.0
2022.12.15 18:03:12;1671127392044;3887.5;1;1;0;3885.0;3884.0
2022.12.15 18:03:12;1671127392044;3887.5;1;0;0;3885.0;3884.0
2022.12.15 18:03:12;1671127392279;3887.5;1;0;1;3885.0;3884.0
2022.12.15 18:03:12;1671127392279;3887.5;1;0;0;3885.0;3884.0
2022.12.15 18:03:12;1671127392640;3887.5;1;0;0;3885.0;3884.0
2022.12.15 18:03:13;1671127393980;3887.25;1;0;1;3885.0;3884.0
2022.12.15 18:03:14;1671127394052;3887.5;2;1;0;3885.0;3884.0
2022.12.15 18:03:14;1671127394052;3887.5;1;1;0;3885.0;3884.0
2022.12.15 18:03:14;1671127394052;3887.5;1;1;0;3885.0;3884.0
2022.12.15 18:03:14;1671127394053;3887.5;1;0;0;3885.0;3884.0
2022.12.15 18:03:14;1671127394144;3887.5;1;0;0;3885.0;3884.0
2022.12.15 18:03:14;1671127394581;3887.25;1;0;1;3885.0;3884.0
2022.12.15 18:03:14;1671127394581;3887.25;2;0;1;3885.0;3884.0
2022.12.15 18:03:14;1671127394581;3887.25;2;0;1;3885.0;3884.0
2022.12.15 18:03:14;1671127394582;3887.25;2;0;0;3885.0;3884.0
2022.12.15 18:03:14;1671127394590;3887.25;1;1;0;3885.0;3884.0
2022.12.15 18:03:14;1671127394684;3887.25;1;1;0;3885.0;3884.0
2022.12.15 18:03:14;1671127394685;3887.25;1;0;0;3885.0;3884.0
2022.12.15 18:03:14;1671127394839;3887.25;1;0;1;3885.0;3884.0
2022.12.15 18:03:14;1671127394840;3887.25;1;0;0;3885.0;3884.0
2022.12.15 18:03:14;1671127394886;3887.25;1;0;0;3885.0;3884.0
2022.12.15 18:03:15;1671127395208;3887.25;1;0;0;3885.0;3884.0
2022.12.15 18:03:15;1671127395217;3887.25;1;0;0;3885.0;3884.0
2022.12.15 18:03:15;1671127395378;3887.25;1;0;0;3885.0;3884.0
2022.12.15 18:03:15;1671127395542;3887.25;1;0;0;3885.0;3884.0
2022.12.15 18:03:16;1671127396002;3887.25;1;0;0;3885.0;3884.0
2022.12.15 18:03:16;1671127396393;3887.25;1;0;1;3885.0;3884.0
2022.12.15 18:03:16;1671127396393;3887.25;1;0;0;3885.0;3884.0
2022.12.15 18:03:16;1671127396503;3887.25;1;0;0;3885.0;3884.0
2022.12.15 18:03:16;1671127396716;3887.25;1;0;0;3885.0;3884.0
2022.12.15 18:03:17;1671127397382;3887.0;1;0;1;3885.0;3884.0
2022.12.15 18:03:17;1671127397382;3887.0;2;0;1;3885.0;3884.0
2022.12.15 18:03:17;1671127397382;3887.0;2;0;0;3885.0;3884.0
2022.12.15 18:03:17;1671127397388;3887.0;2;0;0;3885.0;3884.0
2022.12.15 18:03:17;1671127397404;3887.0;2;0;0;3885.0;3884.0
2022.12.15 18:03:17;1671127397415;3887.0;2;0;0;3885.0;3884.0
2022.12.15 18:03:17;1671127397716;3887.0;2;0;0;3885.0;3884.0
2022.12.15 18:03:17;1671127397836;3887.0;2;0;0;3885.0;3884.0
2022.12.15 18:03:17;1671127397860;3887.0;2;0;0;3885.0;3884.0
2022.12.15 18:03:17;1671127397861;3887.0;2;0;0;3885.0;3884.0
2022.12.15 18:03:18;1671127398533;3887.0;2;0;0;3885.0;3884.0
2022.12.15 18:03:18;1671127398985;3886.75;1;0;1;3885.0;3884.0
2022.12.15 18:03:19;1671127399178;3887.0;2;1;0;3885.0;3884.0
2022.12.15 18:03:21;1671127401203;3886.75;1;0;1;3885.0;3884.0
2022.12.15 18:03:21;1671127401203;3886.75;1;0;0;3885.0;3884.0
2022.12.15 18:03:21;1671127401249;3886.75;1;1;0;3885.0;3884.0
2022.12.15 18:03:21;1671127401637;3886.75;1;1;0;3885.0;3884.0
2022.12.15 18:03:21;1671127401637;3886.75;1;1;0;3885.0;3884.0
2022.12.15 18:03:21;1671127401639;3886.75;1;1;0;3885.0;3884.0
2022.12.15 18:03:21;1671127401640;3886.75;1;0;0;3885.0;3884.0
2022.12.15 18:03:21;1671127401645;3886.75;1;0;1;3885.0;3884.0
2022.12.15 18:03:21;1671127401646;3886.75;1;0;0;3885.0;3884.0
2022.12.15 18:03:21;1671127401647;3886.75;1;0;0;3885.0;3884.0
2022.12.15 18:03:21;1671127401655;3886.75;1;0;0;3885.0;3884.0
2022.12.15 18:03:21;1671127401843;3886.75;1;0;1;3885.0;3884.0
2022.12.15 18:03:21;1671127401844;3886.75;1;0;0;3885.0;3884.0
2022.12.15 18:03:21;1671127401860;3886.75;1;0;0;3885.0;3884.0
2022.12.15 18:03:21;1671127401936;3886.75;1;0;0;3885.0;3884.0
2022.12.15 18:03:22;1671127402024;3886.75;1;0;0;3885.0;3884.0
2022.12.15 18:03:22;1671127402085;3886.75;2;0;1;3885.0;3884.0
2022.12.15 18:03:22;1671127402085;3886.75;2;0;0;3885.0;3884.0
2022.12.15 18:03:22;1671127402227;3886.75;2;0;0;3885.0;3884.0
2022.12.15 18:03:22;1671127402240;3886.75;2;0;0;3885.0;3884.0
2022.12.15 18:03:22;1671127402400;3886.75;2;0;0;3885.0;3884.0
2022.12.15 18:03:22;1671127402528;3886.75;2;0;0;3885.0;3884.0
2022.12.15 18:03:22;1671127402982;3886.75;2;0;0;3885.0;3884.0
2022.12.15 18:03:23;1671127403037;3886.75;2;0;0;3885.0;3884.0
2022.12.15 18:03:23;1671127403095;3886.75;2;0;0;3885.0;3884.0
2022.12.15 18:03:23;1671127403116;3886.75;2;0;0;3885.0;3884.0
2022.12.15 18:03:23;1671127403658;3887.0;1;1;0;3885.0;3884.0
2022.12.15 18:03:23;1671127403942;3887.0;1;0;0;3885.0;3884.0
2022.12.15 18:03:25;1671127405602;3887.0;1;1;0;3885.0;3884.0
2022.12.15 18:03:25;1671127405603;3887.0;1;1;0;3885.0;3884.0
2022.12.15 18:03:25;1671127405604;3887.0;1;0;0;3885.0;3884.0
2022.12.15 18:03:25;1671127405993;3887.0;1;0;1;3885.0;3884.0
2022.12.15 18:03:25;1671127405993;3887.0;1;0;0;3885.0;3884.0
2022.12.15 18:03:26;1671127406258;3887.0;1;0;0;3885.0;3884.0
2022.12.15 18:03:27;1671127407367;3887.0;1;0;1;3885.0;3884.0
2022.12.15 18:03:27;1671127407367;3887.0;1;0;0;3885.0;3884.0
2022.12.15 18:03:27;1671127407541;3887.0;1;0;0;3885.0;3884.0
2022.12.15 18:03:27;1671127407961;3887.0;1;0;1;3885.0;3884.0
2022.12.15 18:03:27;1671127407961;3887.0;1;0;0;3885.0;3884.0
2022.12.15 18:03:28;1671127408663;3887.0;1;1;0;3885.0;3884.0
2022.12.15 18:03:28;1671127408663;3887.0;1;1;0;3885.0;3884.0
2022.12.15 18:03:29;1671127409695;3886.75;1;0;1;3885.0;3884.0
2022.12.15 18:03:29;1671127409695;3886.75;1;0;0;3885.0;3884.0
2022.12.15 18:03:29;1671127409696;3886.75;1;0;1;3885.0;3884.0
2022.12.15 18:03:29;1671127409697;3886.75;1;0;0;3885.0;3884.0
2022.12.15 18:03:29;1671127409697;3886.75;1;0;0;3885.0;3884.0
2022.12.15 18:03:30;1671127410003;3886.75;1;0;1;3885.0;3884.0
2022.12.15 18:03:30;1671127410003;3886.75;1;0;1;3885.0;3884.0
2022.12.15 18:03:30;1671127410005;3886.75;1;0;1;3885.0;3884.0
2022.12.15 18:03:30;1671127410005;3886.75;1;0;1;3885.0;3884.0
2022.12.15 18:03:30;1671127410005;3886.75;1;0;1;3885.0;3884.0
2022.12.15 18:03:30;1671127410051;3886.75;1;0;0;3885.0;3884.0
2022.12.15 18:03:30;1671127410359;3886.75;1;0;0;3885.0;3884.0
2022.12.15 18:03:30;1671127410427;3886.75;1;0;0;3885.0;3884.0
2022.12.15 18:03:30;1671127410564;3886.75;1;0;1;3885.0;3884.0
2022.12.15 18:03:30;1671127410565;3886.75;1;0;0;3885.0;3884.0
2022.12.15 18:03:31;1671127411454;3886.75;2;1;0;3885.0;3884.0
2022.12.15 18:03:31;1671127411568;3886.75;2;0;0;3885.0;3884.0
2022.12.15 18:03:31;1671127411680;3886.75;2;0;0;3885.0;3884.0
2022.12.15 18:03:32;1671127412132;3886.75;1;1;0;3885.0;3884.0
2022.12.15 18:03:32;1671127412132;3886.75;1;1;0;3885.0;3884.0
2022.12.15 18:03:32;1671127412159;3886.75;1;0;0;3885.0;3884.0
2022.12.15 18:03:32;1671127412162;3886.75;1;0;0;3885.0;3884.0
2022.12.15 18:03:32;1671127412178;3886.75;1;1;0;3885.0;3884.0
2022.12.15 18:03:32;1671127412178;3886.75;1;1;0;3885.0;3884.0
2022.12.15 18:03:32;1671127412178;3886.75;1;0;0;3885.0;3884.0
2022.12.15 18:03:33;1671127413090;3886.75;1;0;1;3885.0;3884.0
2022.12.15 18:03:33;1671127413090;3886.75;1;0;0;3885.0;3884.0
2022.12.15 18:03:33;1671127413097;3886.75;1;1;0;3885.0;3884.0
2022.12.15 18:03:33;1671127413532;3886.75;1;0;0;3885.0;3884.0
2022.12.15 18:03:33;1671127413746;3886.75;1;0;0;3885.0;3884.0
2022.12.15 18:03:34;1671127414035;3886.5;1;0;1;3885.0;3884.0
2022.12.15 18:03:34;1671127414035;3886.5;1;0;1;3885.0;3884.0
2022.12.15 18:03:34;1671127414035;3886.5;2;0;1;3885.0;3884.0
2022.12.15 18:03:34;1671127414035;3886.5;2;0;1;3885.0;3884.0
2022.12.15 18:03:34;1671127414529;3886.5;1;0;1;3885.0;3884.0
2022.12.15 18:03:34;1671127414529;3886.5;1;0;0;3885.0;3884.0
2022.12.15 18:03:34;1671127414535;3886.5;1;1;0;3885.0;3884.0
2022.12.15 18:03:34;1671127414535;3886.5;1;0;0;3885.0;3884.0
2022.12.15 18:03:35;1671127415215;3886.5;1;0;1;3885.0;3884.0
2022.12.15 18:03:35;1671127415365;3886.75;1;1;0;3885.0;3884.0
2022.12.15 18:03:35;1671127415366;3886.75;1;1;0;3885.0;3884.0
2022.12.15 18:03:35;1671127415367;3886.75;3;1;0;3885.0;3884.0
2022.12.15 18:03:35;1671127415374;3886.75;1;1;0;3885.0;3884.0
2022.12.15 18:03:35;1671127415374;3886.75;1;1;0;3885.0;3884.0
2022.12.15 18:03:35;1671127415374;3886.75;2;1;0;3885.0;3884.0
2022.12.15 18:03:35;1671127415374;3886.75;1;1;0;3885.0;3884.0
2022.12.15 18:03:35;1671127415375;3886.75;1;1;0;3885.0;3884.0
2022.12.15 18:03:35;1671127415375;3886.75;2;1;0;3885.0;3884.0
2022.12.15 18:03:35;1671127415378;3886.75;2;0;0;3885.0;3884.0
2022.12.15 18:03:35;1671127415379;3886.75;2;0;0;3885.0;3884.0
2022.12.15 18:03:35;1671127415383;3887.0;2;1;0;3885.0;3884.0
2022.12.15 18:03:35;1671127415383;3887.0;3;1;0;3885.0;3884.0
2022.12.15 18:03:35;1671127415383;3887.0;1;1;0;3885.0;3884.0
2022.12.15 18:03:35;1671127415383;3887.0;1;1;0;3885.0;3884.0
2022.12.15 18:03:35;1671127415383;3887.0;1;1;0;3885.0;3884.0
2022.12.15 18:03:35;1671127415383;3887.0;1;1;0;3885.0;3884.0
2022.12.15 18:03:35;1671127415383;3887.0;1;1;0;3885.0;3884.0
2022.12.15 18:03:35;1671127415397;3887.0;1;1;0;3885.0;3884.0
2022.12.15 18:03:35;1671127415398;3887.0;1;1;0;3885.0;3884.0
2022.12.15 18:03:35;1671127415399;3887.0;1;0;0;3885.0;3884.0
2022.12.15 18:03:35;1671127415546;3887.25;1;1;0;3885.0;3884.0
2022.12.15 18:03:35;1671127415639;3887.25;1;1;0;3885.0;3884.0
2022.12.15 18:03:35;1671127415639;3887.25;1;1;0;3885.0;3884.0
2022.12.15 18:03:35;1671127415639;3887.25;1;1;0;3885.0;3884.0
2022.12.15 18:03:35;1671127415640;3887.25;1;1;0;3885.0;3884.0
2022.12.15 18:03:35;1671127415640;3887.25;1;1;0;3885.0;3884.0
2022.12.15 18:03:35;1671127415640;3887.25;1;0;0;3885.0;3884.0
2022.12.15 18:03:35;1671127415641;3887.25;1;0;0;3885.0;3884.0
2022.12.15 18:03:35;1671127415660;3887.25;1;0;0;3885.0;3884.0
2022.12.15 18:03:35;1671127415722;3887.25;1;1;0;3885.0;3884.0
2022.12.15 18:03:35;1671127415723;3887.25;1;0;0;3885.0;3884.0
2022.12.15 18:03:35;1671127415991;3887.25;1;0;1;3885.0;3884.0
2022.12.15 18:03:35;1671127415991;3887.25;2;0;1;3885.0;3884.0
2022.12.15 18:03:35;1671127415991;3887.25;2;0;0;3885.0;3884.0
2022.12.15 18:03:36;1671127416144;3887.25;2;0;0;3885.0;3884.0
2022.12.15 18:03:36;1671127416155;3887.25;2;0;0;3885.0;3884.0
2022.12.15 18:03:36;1671127416165;3887.25;2;0;0;3885.0;3884.0
2022.12.15 18:03:36;1671127416527;3887.25;2;0;0;3885.0;3884.0
2022.12.15 18:03:36;1671127416537;3887.25;2;0;0;3885.0;3884.0
2022.12.15 18:03:36;1671127416542;3887.25;2;0;0;3885.0;3884.0
2022.12.15 18:03:36;1671127416560;3887.25;2;0;0;3885.0;3884.0
2022.12.15 18:03:36;1671127416660;3887.25;2;0;0;3885.0;3884.0
2022.12.15 18:03:37;1671127417179;3887.25;2;0;0;3885.0;3884.0
2022.12.15 18:03:37;1671127417219;3887.25;2;0;0;3885.0;3884.0
2022.12.15 18:03:37;1671127417382;3886.75;1;1;0;3885.0;3884.0
2022.12.15 18:03:37;1671127417383;3886.75;1;0;0;3885.0;3884.0
2022.12.15 18:03:37;1671127417410;3886.75;1;0;0;3885.0;3884.0
2022.12.15 18:03:37;1671127417550;3887.0;1;1;0;3885.0;3884.0
2022.12.15 18:03:37;1671127417920;3887.0;1;0;0;3885.0;3884.0
2022.12.15 18:03:37;1671127417955;3887.0;1;0;0;3885.0;3884.0
2022.12.15 18:03:37;1671127417970;3887.0;1;0;0;3885.0;3884.0
2022.12.15 18:03:38;1671127418122;3887.0;1;0;0;3885.0;3884.0
2022.12.15 18:03:38;1671127418153;3886.75;1;1;0;3885.0;3884.0
2022.12.15 18:03:38;1671127418153;3886.75;1;1;0;3885.0;3884.0
2022.12.15 18:03:38;1671127418153;3886.75;2;1;0;3885.0;3884.0
2022.12.15 18:03:38;1671127418153;3886.75;1;1;0;3885.0;3884.0
2022.12.15 18:03:38;1671127418154;3886.75;1;0;0;3885.0;3884.0
2022.12.15 18:03:38;1671127418186;3886.75;1;0;0;3885.0;3884.0
2022.12.15 18:03:38;1671127418229;3886.75;1;0;0;3885.0;3884.0
2022.12.15 18:03:38;1671127418240;3886.75;1;1;0;3885.0;3884.0
2022.12.15 18:03:38;1671127418241;3886.75;1;0;0;3885.0;3884.0
2022.12.15 18:03:38;1671127418342;3886.75;1;0;0;3885.0;3884.0
2022.12.15 18:03:39;1671127419895;3886.5;1;0;1;3885.0;3884.0
2022.12.15 18:03:39;1671127419895;3886.5;2;0;1;3885.0;3884.0
2022.12.15 18:03:39;1671127419896;3886.5;2;0;0;3885.0;3884.0
2022.12.15 18:03:39;1671127419901;3886.5;2;0;0;3885.0;3884.0
2022.12.15 18:03:39;1671127419905;3886.5;2;0;0;3885.0;3884.0
2022.12.15 18:03:39;1671127419907;3886.5;2;0;0;3885.0;3884.0
2022.12.15 18:03:39;1671127419912;3886.5;2;0;0;3885.0;3884.0
2022.12.15 18:03:40;1671127420152;3886.5;1;1;0;3885.0;3884.0
2022.12.15 18:03:40;1671127420153;3886.5;1;0;0;3885.0;3884.0
2022.12.15 18:03:40;1671127420158;3886.5;1;0;0;3885.0;3884.0
2022.12.15 18:03:40;1671127420584;3886.5;1;0;0;3885.0;3884.0
2022.12.15 18:03:40;1671127420594;3886.5;1;0;0;3885.0;3884.0
2022.12.15 18:03:40;1671127420738;3886.5;1;0;0;3885.0;3884.0
2022.12.15 18:03:40;1671127420753;3886.5;1;0;0;3885.0;3884.0
2022.12.15 18:03:40;1671127420837;3886.5;1;0;0;3885.0;3884.0
2022.12.15 18:03:40;1671127420856;3886.5;1;0;0;3885.0;3884.0
2022.12.15 18:03:40;1671127420907;3886.5;1;0;0;3885.0;3884.0
2022.12.15 18:03:41;1671127421981;3886.5;1;0;1;3885.0;3884.0
2022.12.15 18:03:43;1671127423752;3886.5;1;0;1;3885.0;3884.0
2022.12.15 18:03:43;1671127423752;3886.5;2;0;1;3885.0;3884.0
2022.12.15 18:03:43;1671127423752;3886.5;1;0;1;3885.0;3884.0
2022.12.15 18:03:43;1671127423752;3886.5;1;0;1;3885.0;3884.0
2022.12.15 18:03:43;1671127423753;3886.5;2;0;1;3885.0;3884.0
2022.12.15 18:03:43;1671127423753;3886.5;2;0;1;3885.0;3884.0
2022.12.15 18:03:43;1671127423753;3886.5;1;1;0;3885.0;3884.0
2022.12.15 18:03:43;1671127423753;3886.5;1;0;0;3885.0;3884.0
2022.12.15 18:03:43;1671127423755;3886.5;1;0;0;3885.0;3884.0
2022.12.15 18:03:43;1671127423803;3886.5;1;0;1;3885.0;3884.0
2022.12.15 18:03:43;1671127423804;3886.5;1;0;0;3885.0;3884.0
2022.12.15 18:03:43;1671127423813;3886.25;1;0;1;3885.0;3884.0
2022.12.15 18:03:43;1671127423813;3886.25;2;0;1;3885.0;3884.0
2022.12.15 18:03:43;1671127423813;3886.25;1;0;1;3885.0;3884.0
2022.12.15 18:03:43;1671127423813;3886.25;1;0;1;3885.0;3884.0
2022.12.15 18:03:43;1671127423813;3886.25;1;0;1;3885.0;3884.0
2022.12.15 18:03:43;1671127423813;3886.25;2;0;1;3885.0;3884.0
2022.12.15 18:03:43;1671127423813;3886.25;1;0;1;3885.0;3884.0
2022.12.15 18:03:43;1671127423814;3886.25;7;0;1;3885.0;3884.0
2022.12.15 18:03:43;1671127423814;3886.25;3;0;1;3885.0;3884.0
2022.12.15 18:03:43;1671127423814;3886.25;1;0;1;3885.0;3884.0
2022.12.15 18:03:43;1671127423819;3886.25;1;0;0;3885.0;3884.0
2022.12.15 18:03:43;1671127423888;3886.5;1;0;1;3885.0;3884.0
2022.12.15 18:03:43;1671127423888;3886.5;1;0;0;3885.0;3884.0
2022.12.15 18:03:43;1671127423945;3886.25;1;0;1;3885.0;3884.0
2022.12.15 18:03:43;1671127423945;3886.25;1;0;1;3885.0;3884.0
2022.12.15 18:03:43;1671127423945;3886.25;1;0;0;3885.0;3884.0
2022.12.15 18:03:43;1671127423954;3886.25;1;0;0;3885.0;3884.0
2022.12.15 18:03:43;1671127423958;3886.25;1;0;0;3885.0;3884.0
2022.12.15 18:03:44;1671127424079;3886.25;1;0;1;3885.0;3884.0
2022.12.15 18:03:44;1671127424079;3886.25;1;0;1;3885.0;3884.0
2022.12.15 18:03:44;1671127424079;3886.25;1;0;0;3885.0;3884.0
2022.12.15 18:03:44;1671127424086;3886.25;1;0;0;3885.0;3884.0
2022.12.15 18:03:44;1671127424344;3886.25;1;0;1;3885.0;3884.0
2022.12.15 18:03:44;1671127424344;3886.25;2;0;1;3885.0;3884.0
2022.12.15 18:03:44;1671127424379;3886.25;1;0;1;3885.0;3884.0
2022.12.15 18:03:44;1671127424380;3886.25;1;0;0;3885.0;3884.0
2022.12.15 18:03:44;1671127424396;3886.25;1;0;0;3885.0;3884.0
2022.12.15 18:03:44;1671127424403;3886.25;1;0;0;3885.0;3884.0
2022.12.15 18:03:44;1671127424441;3886.25;1;0;0;3885.0;3884.0
2022.12.15 18:03:44;1671127424460;3886.25;1;0;0;3885.0;3884.0
2022.12.15 18:03:44;1671127424547;3886.25;1;0;1;3885.0;3884.0
2022.12.15 18:03:44;1671127424711;3886.25;1;0;1;3885.0;3884.0
2022.12.15 18:03:44;1671127424711;3886.25;1;0;0;3885.0;3884.0
2022.12.15 18:03:44;1671127424714;3886.25;1;0;0;3885.0;3884.0
2022.12.15 18:03:44;1671127424718;3886.25;1;0;0;3885.0;3884.0
2022.12.15 18:03:44;1671127424736;3886.25;1;0;0;3885.0;3884.0
2022.12.15 18:03:45;1671127425769;3886.25;1;0;1;3885.0;3884.0
2022.12.15 18:03:45;1671127425771;3886.25;1;0;1;3885.0;3884.0
2022.12.15 18:03:45;1671127425771;3886.25;1;0;0;3885.0;3884.0
2022.12.15 18:03:45;1671127425830;3886.25;1;0;0;3885.0;3884.0
2022.12.15 18:03:46;1671127426722;3886.25;1;0;1;3885.0;3884.0
2022.12.15 18:03:46;1671127426722;3886.25;1;0;0;3885.0;3884.0
2022.12.15 18:03:46;1671127426723;3886.25;1;0;1;3885.0;3884.0
2022.12.15 18:03:46;1671127426723;3886.25;1;0;0;3885.0;3884.0
2022.12.15 18:03:46;1671127426723;3886.25;1;0;1;3885.0;3884.0
2022.12.15 18:03:46;1671127426724;3886.25;1;0;0;3885.0;3884.0
2022.12.15 18:03:46;1671127426740;3886.25;1;0;0;3885.0;3884.0
2022.12.15 18:03:46;1671127426806;3886.25;1;0;0;3885.0;3884.0
2022.12.15 18:03:46;1671127426822;3886.25;1;0;0;3885.0;3884.0
2022.12.15 18:03:46;1671127426986;3886.0;1;0;1;3885.0;3884.0
2022.12.15 18:03:47;1671127427300;3886.0;1;0;1;3885.0;3884.0
2022.12.15 18:03:47;1671127427300;3886.0;4;0;1;3885.0;3884.0
2022.12.15 18:03:47;1671127427300;3886.0;5;0;1;3885.0;3884.0
2022.12.15 18:03:47;1671127427300;3886.0;2;0;1;3885.0;3884.0
2022.12.15 18:03:47;1671127427301;3886.0;2;0;0;3885.0;3884.0
2022.12.15 18:03:47;1671127427305;3886.0;3;1;0;3885.0;3884.0
2022.12.15 18:03:47;1671127427305;3886.0;2;1;0;3885.0;3884.0
2022.12.15 18:03:47;1671127427305;3886.0;1;1;0;3885.0;3884.0
2022.12.15 18:03:47;1671127427305;3886.0;1;0;0;3885.0;3884.0
2022.12.15 18:03:47;1671127427414;3886.0;1;0;1;3885.0;3884.0
2022.12.15 18:03:47;1671127427414;3886.0;1;0;0;3885.0;3884.0
2022.12.15 18:03:47;1671127427422;3886.0;1;0;0;3885.0;3884.0
2022.12.15 18:03:47;1671127427531;3886.0;1;0;0;3885.0;3884.0
2022.12.15 18:03:47;1671127427705;3886.0;1;1;0;3885.0;3884.0
2022.12.15 18:03:47;1671127427921;3885.75;1;0;1;3885.0;3884.0
2022.12.15 18:03:47;1671127427921;3885.75;1;0;1;3885.0;3884.0
2022.12.15 18:03:47;1671127427921;3885.75;2;0;1;3885.0;3884.0
2022.12.15 18:03:47;1671127427921;3885.75;2;0;0;3885.0;3884.0
2022.12.15 18:03:47;1671127427933;3885.75;2;0;0;3885.0;3884.0
2022.12.15 18:03:47;1671127427935;3885.75;2;0;0;3885.0;3884.0
2022.12.15 18:03:47;1671127427935;3885.75;4;0;1;3885.0;3884.0
2022.12.15 18:03:47;1671127427935;3885.75;3;0;1;3885.0;3884.0
2022.12.15 18:03:47;1671127427935;3885.75;2;0;1;3885.0;3884.0
2022.12.15 18:03:47;1671127427935;3885.75;2;0;0;3885.0;3884.0
2022.12.15 18:03:47;1671127427998;3885.5;1;0;1;3885.0;3884.0
2022.12.15 18:03:47;1671127427998;3885.5;1;0;1;3885.0;3884.0
2022.12.15 18:03:47;1671127427998;3885.5;1;0;0;3885.0;3884.0
2022.12.15 18:03:48;1671127428001;3885.5;1;0;0;3885.0;3884.0
2022.12.15 18:03:48;1671127428002;3885.5;1;0;0;3885.0;3884.0
2022.12.15 18:03:48;1671127428015;3885.5;1;0;0;3885.0;3884.0
2022.12.15 18:03:48;1671127428025;3885.5;1;0;0;3885.0;3884.0
2022.12.15 18:03:48;1671127428030;3885.5;1;0;0;3885.0;3884.0
2022.12.15 18:03:48;1671127428191;3885.25;1;0;1;3885.0;3884.0
2022.12.15 18:03:48;1671127428191;3885.25;5;0;1;3885.0;3884.0
2022.12.15 18:03:48;1671127428191;3885.25;1;0;1;3885.0;3884.0
2022.12.15 18:03:48;1671127428191;3885.25;1;0;1;3885.0;3884.0
2022.12.15 18:03:48;1671127428191;3885.25;1;0;1;3885.0;3884.0
2022.12.15 18:03:48;1671127428191;3885.25;1;0;1;3885.0;3884.0
2022.12.15 18:03:48;1671127428192;3885.25;1;0;1;3885.0;3884.0
2022.12.15 18:03:48;1671127428192;3885.25;1;0;1;3885.0;3884.0
2022.12.15 18:03:48;1671127428192;3885.25;1;0;1;3885.0;3884.0
2022.12.15 18:03:48;1671127428192;3885.25;1;0;0;3885.0;3884.0
2022.12.15 18:03:48;1671127428196;3885.0;1;0;1;3885.0;3884.0
2022.12.15 18:03:48;1671127428196;3885.0;1;0;1;3885.0;3884.0
2022.12.15 18:03:48;1671127428196;3885.0;2;0;1;3885.0;3884.0
2022.12.15 18:03:48;1671127428196;3885.0;1;0;1;3885.0;3884.0
2022.12.15 18:03:48;1671127428196;3885.0;1;0;1;3885.0;3884.0
2022.12.15 18:03:48;1671127428212;3885.0;1;0;1;3885.0;3884.0
2022.12.15 18:03:48;1671127428212;3885.0;1;0;1;3885.0;3884.0
2022.12.15 18:03:48;1671127428214;3885.0;1;0;1;3885.0;3884.0
2022.12.15 18:03:48;1671127428214;3885.0;1;0;1;3885.0;3884.0
2022.12.15 18:03:48;1671127428214;3885.0;1;0;1;3885.0;3884.0
2022.12.15 18:03:48;1671127428214;3885.0;1;0;0;3885.0;3884.0
2022.12.15 18:03:48;1671127428247;3885.0;1;1;1;3885.0;3884.0
2022.12.15 18:03:48;1671127428247;3885.0;1;1;0;3885.0;3884.0
2022.12.15 18:03:48;1671127428248;3885.0;1;0;0;3885.0;3884.0
2022.12.15 18:03:48;1671127428248;3885.0;2;1;0;3885.0;3884.0
2022.12.15 18:03:48;1671127428248;3885.0;1;1;0;3885.0;3884.0
2022.12.15 18:03:48;1671127428248;3885.0;2;1;0;3885.0;3884.0
2022.12.15 18:03:48;1671127428248;3885.0;2;1;0;3885.0;3884.0
2022.12.15 18:03:48;1671127428248;3885.0;1;1;0;3885.0;3884.0
2022.12.15 18:03:48;1671127428248;3885.0;1;1;0;3885.0;3884.0
2022.12.15 18:03:48;1671127428248;3885.0;1;1;0;3885.0;3884.0
2022.12.15 18:03:48;1671127428249;3885.0;1;1;0;3885.0;3884.0
2022.12.15 18:03:48;1671127428249;3885.0;1;1;0;3885.0;3884.0
2022.12.15 18:03:48;1671127428249;3885.0;1;1;0;3885.0;3884.0
2022.12.15 18:03:48;1671127428249;3885.0;1;1;0;3885.0;3884.0
2022.12.15 18:03:48;1671127428249;3885.0;1;0;0;3885.0;3884.0
2022.12.15 18:03:48;1671127428302;3885.0;1;0;1;3885.0;3884.0
2022.12.15 18:03:48;1671127428302;3885.0;1;0;1;3885.0;3884.0
2022.12.15 18:03:48;1671127428302;3885.0;1;0;1;3885.0;3884.0
2022.12.15 18:03:48;1671127428303;3885.25;1;1;0;3885.0;3884.0
2022.12.15 18:03:48;1671127428303;3885.25;3;1;0;3885.0;3884.0
2022.12.15 18:03:48;1671127428305;3885.25;1;1;0;3885.0;3884.0
2022.12.15 18:03:48;1671127428305;3885.25;1;1;0;3885.0;3884.0
2022.12.15 18:03:48;1671127428305;3885.25;1;0;0;3885.0;3884.0
2022.12.15 18:03:48;1671127428324;3885.25;1;0;1;3885.0;3884.0
2022.12.15 18:03:48;1671127428324;3885.25;1;0;1;3885.0;3884.0
2022.12.15 18:03:48;1671127428345;3885.25;1;0;1;3885.0;3884.0
2022.12.15 18:03:48;1671127428345;3885.25;1;0;0;3885.0;3884.0
2022.12.15 18:03:48;1671127428371;3885.25;1;0;1;3885.0;3884.0
2022.12.15 18:03:48;1671127428372;3885.25;1;0;1;3885.0;3884.0
2022.12.15 18:03:48;1671127428372;3885.25;1;0;1;3885.0;3884.0
2022.12.15 18:03:48;1671127428372;3885.25;1;0;0;3885.0;3884.0
2022.12.15 18:03:48;1671127428373;3885.25;1;0;1;3885.0;3884.0
2022.12.15 18:03:48;1671127428373;3885.25;1;0;0;3885.0;3884.0
2022.12.15 18:03:48;1671127428598;3885.0;1;0;1;3885.0;3884.0
2022.12.15 18:03:48;1671127428615;3885.0;1;0;1;3885.0;3884.0
2022.12.15 18:03:48;1671127428705;3885.25;1;1;0;3885.0;3884.0
2022.12.15 18:03:48;1671127428707;3885.25;1;1;0;3885.0;3884.0
2022.12.15 18:03:48;1671127428709;3885.25;1;0;0;3885.0;3884.0
2022.12.15 18:03:49;1671127429012;3885.25;1;0;1;3885.0;3884.0
2022.12.15 18:03:49;1671127429432;3885.5;1;1;0;3885.0;3884.0
2022.12.15 18:03:49;1671127429434;3885.5;1;1;0;3885.0;3884.0
2022.12.15 18:03:49;1671127429435;3885.5;1;1;0;3885.0;3884.0
2022.12.15 18:03:49;1671127429436;3885.5;2;1;0;3885.0;3884.0
2022.12.15 18:03:49;1671127429436;3885.5;1;1;0;3885.0;3884.0
2022.12.15 18:03:49;1671127429436;3885.5;1;0;0;3885.0;3884.0
2022.12.15 18:03:49;1671127429442;3885.5;1;0;0;3885.0;3884.0
2022.12.15 18:03:49;1671127429442;3885.5;1;0;0;3885.0;3884.0
2022.12.15 18:03:49;1671127429535;3885.5;2;0;1;3885.0;3884.0
2022.12.15 18:03:49;1671127429558;3885.5;2;0;0;3885.0;3884.0
2022.12.15 18:03:49;1671127429569;3885.5;2;0;0;3885.0;3884.0
2022.12.15 18:03:49;1671127429599;3885.5;2;0;0;3885.0;3884.0
2022.12.15 18:03:49;1671127429600;3885.5;1;1;0;3885.0;3884.0
2022.12.15 18:03:49;1671127429600;3885.5;1;0;1;3885.0;3884.0
2022.12.15 18:03:49;1671127429600;3885.5;1;0;1;3885.0;3884.0
2022.12.15 18:03:49;1671127429601;3885.5;3;0;1;3885.0;3884.0
2022.12.15 18:03:49;1671127429601;3885.5;1;0;1;3885.0;3884.0
2022.12.15 18:03:49;1671127429601;3885.5;1;0;1;3885.0;3884.0
2022.12.15 18:03:49;1671127429601;3885.5;1;0;0;3885.0;3884.0
2022.12.15 18:03:49;1671127429627;3885.5;1;0;1;3885.0;3884.0
2022.12.15 18:03:49;1671127429651;3885.5;2;0;1;3885.0;3884.0
2022.12.15 18:03:49;1671127429651;3885.5;1;0;1;3885.0;3884.0
2022.12.15 18:03:49;1671127429651;3885.5;1;0;1;3885.0;3884.0
2022.12.15 18:03:49;1671127429651;3885.5;1;0;1;3885.0;3884.0
2022.12.15 18:03:49;1671127429652;3885.5;1;0;1;3885.0;3884.0
2022.12.15 18:03:49;1671127429652;3885.5;1;0;1;3885.0;3884.0
2022.12.15 18:03:49;1671127429652;3885.25;2;0;1;3885.0;3884.0
2022.12.15 18:03:49;1671127429652;3885.25;1;0;1;3885.0;3884.0
2022.12.15 18:03:49;1671127429652;3885.25;3;0;1;3885.0;3884.0
2022.12.15 18:03:49;1671127429652;3885.25;1;0;1;3885.0;3884.0
2022.12.15 18:03:49;1671127429652;3885.25;1;0;1;3885.0;3884.0
2022.12.15 18:03:49;1671127429652;3885.25;1;0;1;3885.0;3884.0
2022.12.15 18:03:49;1671127429652;3885.25;1;0;1;3885.0;3884.0
2022.12.15 18:03:49;1671127429652;3885.25;2;0;1;3885.0;3884.0
2022.12.15 18:03:49;1671127429652;3885.25;1;0;1;3885.0;3884.0
2022.12.15 18:03:49;1671127429652;3885.5;1;0;1;3885.0;3884.0
2022.12.15 18:03:49;1671127429652;3885.5;1;0;1;3885.0;3884.0
2022.12.15 18:03:49;1671127429652;3885.5;1;0;0;3885.0;3884.0
2022.12.15 18:03:49;1671127429652;3885.5;1;0;0;3885.0;3884.0
2022.12.15 18:03:49;1671127429652;3885.5;1;0;0;3885.0;3884.0
2022.12.15 18:03:49;1671127429667;3885.5;1;0;1;3885.0;3884.0
2022.12.15 18:03:50;1671127430460;3885.5;1;0;1;3885.0;3884.0
2022.12.15 18:03:50;1671127430461;3885.5;1;0;1;3885.0;3884.0
2022.12.15 18:03:51;1671127431211;3885.5;1;0;1;3885.0;3884.0
2022.12.15 18:03:51;1671127431212;3885.5;1;0;0;3885.0;3884.0
2022.12.15 18:03:51;1671127431221;3885.5;1;0;0;3885.0;3884.0
2022.12.15 18:03:51;1671127431221;3885.5;1;0;0;3885.0;3884.0
2022.12.15 18:03:51;1671127431228;3885.5;1;0;0;3885.0;3884.0
2022.12.15 18:03:51;1671127431317;3885.5;1;0;0;3885.0;3884.0
2022.12.15 18:03:51;1671127431337;3885.5;1;0;0;3885.0;3884.0
2022.12.15 18:03:51;1671127431350;3885.5;1;0;0;3885.0;3884.0
2022.12.15 18:03:51;1671127431577;3885.25;1;0;1;3885.0;3884.0
2022.12.15 18:03:51;1671127431577;3885.25;1;0;1;3885.0;3884.0
2022.12.15 18:03:51;1671127431577;3885.25;1;0;1;3885.0;3884.0
2022.12.15 18:03:51;1671127431577;3885.25;1;0;1;3885.0;3884.0
2022.12.15 18:03:51;1671127431577;3885.25;1;0;1;3885.0;3884.0
2022.12.15 18:03:51;1671127431577;3885.25;1;0;0;3885.0;3884.0
2022.12.15 18:03:51;1671127431582;3885.25;1;0;0;3885.0;3884.0
2022.12.15 18:03:51;1671127431779;3885.25;1;0;0;3885.0;3884.0
2022.12.15 18:03:51;1671127431900;3885.25;1;0;1;3885.0;3884.0
2022.12.15 18:03:51;1671127431900;3885.25;1;0;1;3885.0;3884.0
2022.12.15 18:03:51;1671127431901;3885.25;1;0;0;3885.0;3884.0
2022.12.15 18:03:52;1671127432163;3885.25;1;1;0;3885.0;3884.0
2022.12.15 18:03:52;1671127432172;3885.25;1;1;0;3885.0;3884.0
2022.12.15 18:03:52;1671127432172;3885.25;2;1;0;3885.0;3884.0
2022.12.15 18:03:52;1671127432172;3885.25;1;1;0;3885.0;3884.0
2022.12.15 18:03:52;1671127432172;3885.25;1;0;0;3885.0;3884.0
2022.12.15 18:03:52;1671127432451;3885.25;1;0;0;3885.0;3884.0
2022.12.15 18:03:52;1671127432456;3885.25;1;0;0;3885.0;3884.0
2022.12.15 18:03:52;1671127432529;3885.25;1;0;0;3885.0;3884.0
2022.12.15 18:03:52;1671127432546;3885.25;1;0;0;3885.0;3884.0
2022.12.15 18:03:52;1671127432558;3885.25;1;0;0;3885.0;3884.0
2022.12.15 18:03:52;1671127432578;3885.25;1;0;0;3885.0;3884.0
2022.12.15 18:03:52;1671127432668;3885.25;1;0;0;3885.0;3884.0
2022.12.15 18:03:52;1671127432668;3885.25;1;0;0;3885.0;3884.0
2022.12.15 18:03:52;1671127432774;3885.25;1;0;0;3885.0;3884.0
2022.12.15 18:03:52;1671127432829;3885.25;1;0;0;3885.0;3884.0
2022.12.15 18:03:53;1671127433057;3885.5;1;0;1;3885.0;3884.0
2022.12.15 18:03:53;1671127433340;3885.5;1;0;1;3885.0;3884.0
2022.12.15 18:03:53;1671127433340;3885.5;1;0;0;3885.0;3884.0
2022.12.15 18:03:54;1671127434057;3885.5;1;1;0;3885.0;3884.0
2022.12.15 18:03:54;1671127434057;3885.5;1;0;0;3885.0;3884.0
2022.12.15 18:03:54;1671127434062;3885.5;1;0;0;3885.0;3884.0
2022.12.15 18:03:54;1671127434167;3885.5;1;0;1;3885.0;3884.0
2022.12.15 18:03:54;1671127434167;3885.5;1;0;1;3885.0;3884.0
2022.12.15 18:03:54;1671127434168;3885.5;1;0;0;3885.0;3884.0
2022.12.15 18:03:54;1671127434358;3885.5;1;1;0;3885.0;3884.0
2022.12.15 18:03:54;1671127434359;3885.5;1;1;0;3885.0;3884.0
2022.12.15 18:03:54;1671127434359;3885.5;1;1;0;3885.0;3884.0
2022.12.15 18:03:54;1671127434359;3885.5;1;0;0;3885.0;3884.0
2022.12.15 18:03:54;1671127434556;3885.5;1;0;0;3885.0;3884.0
2022.12.15 18:03:54;1671127434576;3885.5;1;0;0;3885.0;3884.0
2022.12.15 18:03:54;1671127434748;3885.5;1;0;0;3885.0;3884.0
2022.12.15 18:03:54;1671127434973;3885.5;1;1;0;3885.0;3884.0
2022.12.15 18:03:55;1671127435288;3885.5;1;0;0;3885.0;3884.0
2022.12.15 18:03:55;1671127435385;3885.5;1;0;0;3885.0;3884.0
2022.12.15 18:03:56;1671127436052;3885.5;1;0;0;3885.0;3884.0
2022.12.15 18:03:56;1671127436055;3885.5;1;0;0;3885.0;3884.0
2022.12.15 18:03:56;1671127436784;3885.25;1;0;1;3885.0;3884.0
2022.12.15 18:03:56;1671127436784;3885.25;1;0;0;3885.0;3884.0
2022.12.15 18:03:56;1671127436793;3885.25;1;1;0;3885.0;3884.0
2022.12.15 18:03:56;1671127436793;3885.25;1;1;0;3885.0;3884.0
2022.12.15 18:03:56;1671127436794;3885.25;1;0;0;3885.0;3884.0
2022.12.15 18:03:56;1671127436794;3885.25;1;0;0;3885.0;3884.0
2022.12.15 18:03:56;1671127436804;3885.25;1;0;0;3885.0;3884.0
2022.12.15 18:03:56;1671127436804;3885.25;1;0;0;3885.0;3884.0
2022.12.15 18:03:56;1671127436822;3885.25;1;0;0;3885.0;3884.0
2022.12.15 18:03:56;1671127436901;3885.25;1;0;0;3885.0;3884.0
2022.12.15 18:03:57;1671127437069;3885.25;1;0;0;3885.0;3884.0
2022.12.15 18:03:57;1671127437131;3885.25;1;1;0;3885.0;3884.0
2022.12.15 18:03:57;1671127437162;3885.25;1;1;0;3885.0;3884.0
2022.12.15 18:03:57;1671127437162;3885.25;1;1;0;3885.0;3884.0
2022.12.15 18:03:57;1671127437179;3885.25;1;0;0;3885.0;3884.0
2022.12.15 18:03:57;1671127437364;3885.25;1;0;0;3885.0;3884.0
2022.12.15 18:03:57;1671127437390;3885.25;2;1;0;3885.0;3884.0
2022.12.15 18:03:57;1671127437390;3885.25;1;1;0;3885.0;3884.0
2022.12.15 18:03:57;1671127437390;3885.25;1;1;0;3885.0;3884.0
2022.12.15 18:03:58;1671127438563;3885.25;1;0;0;3885.0;3884.0
2022.12.15 18:03:58;1671127438572;3885.25;1;0;0;3885.0;3884.0
2022.12.15 18:03:58;1671127438609;3885.25;1;0;0;3885.0;3884.0
2022.12.15 18:03:58;1671127438647;3885.25;1;0;0;3885.0;3884.0
2022.12.15 18:03:58;1671127438750;3885.0;1;0;1;3885.0;3884.0
2022.12.15 18:03:58;1671127438812;3885.0;1;0;1;3885.0;3884.0
2022.12.15 18:03:58;1671127438812;3885.0;1;0;0;3885.0;3884.0
2022.12.15 18:03:58;1671127438849;3885.0;1;0;0;3885.0;3884.0
2022.12.15 18:03:58;1671127438963;3885.0;1;0;0;3885.0;3884.0
2022.12.15 18:03:58;1671127438982;3885.0;1;0;1;3885.0;3884.0
2022.12.15 18:03:59;1671127439076;3885.0;1;0;1;3885.0;3884.0
2022.12.15 18:03:59;1671127439428;3885.0;1;0;1;3885.0;3884.0
2022.12.15 18:03:59;1671127439428;3885.0;1;0;1;3885.0;3884.0
2022.12.15 18:03:59;1671127439428;3885.0;2;0;1;3885.0;3884.0
2022.12.15 18:03:59;1671127439921;3885.0;2;0;0;3885.0;3884.0
2022.12.15 18:03:59;1671127439923;3885.0;2;0;0;3885.0;3884.0
2022.12.15 18:03:59;1671127439979;3885.0;2;0;0;3885.0;3884.0
2022.12.15 18:03:59;1671127439981;3884.75;1;0;1;3885.0;3884.0
2022.12.15 18:03:59;1671127439981;3884.75;1;0;1;3885.0;3884.0
2022.12.15 18:03:59;1671127439981;3884.75;1;0;1;3885.0;3884.0
2022.12.15 18:03:59;1671127439981;3884.75;1;0;1;3885.0;3884.0
2022.12.15 18:03:59;1671127439981;3884.75;1;0;0;3885.0;3884.0
2022.12.15 18:03:59;1671127439994;3884.75;1;0;0;3885.0;3884.0
2022.12.15 18:03:59;1671127439996;3884.75;1;0;1;3885.0;3884.0
